RSES Compilation,,,,,,,,,,,,,,,,,,,,,,,,,,,,,,,,,,,,
,Dates (Ma),,,,,,,,,,,,,Composition,,,,,Isotopic Ratios,,,,,,,,,,,,,,Fraction,,,
,,,206Pb/,,,,207Pb/,,,,207Pb/,,,,,,,,,,,,,,,,,206Pb/,,207Pb/,,,,,,
,206Pb/,+/-2sigma,238U,+/-2sigma,207Pb/,+/-2sigma,235U,+/-2sigma,207Pb/,+/-2sigma,206Pb,+/-2sigma,,mass,Th/,Pb*,Pbc,Pb*/,206Pb/,206Pb/,,207Pb/,,207Pb/,,208Pb/,,238U,,235U,,Corr.,,,,
Fraction   ,238U a,abs ,<Th> b,abs ,235U a,abs ,<Pa> c,abs ,206Pb a,abs ,<ThPa> bc,abs ,% disc d,U(Î¼g) ,U e,(pg) f,(pg) g,Pbc h,204Pb i,238U j,+/-2sigma % ,235U j,+/-2sigma % ,206Pb j,+/-2sigma % ,232Th j,+/-2sigma % ,<Th> jb,+/-2sigma % ,<Pa> jc,+/-2sigma % ,coef. ,Fraction   , ,,
RSES100::zircon,,,,,,,,,,,,,,,,,,,,,,,,,,,,,,,,,,,,
z1.11a L1 ,2082.93084323899,6.52047862300022,2083.00015752433,6.51974018361859,3158.33939419636,6.87413934656656,3158.33918380551,6.87414078379046,3937.07772279023,6.69048233130011,3937.01894921865,6.69128510319889,47.0944952094366,0.0000100877344100418,0.344745947668497,4.98868265856652,1.96433039461119,2.53963522239035,141.491509093092,0.381423717991653,0.36633674560616,21.4320457954707,0.70858780722664,0.407708710654815,0.44456726164347,     -,  -  ,0.381438571662213,0.36628493268176,21.4320411474743,0.70858796222657,0.84288110036233,z1.11a L1 ,true,, a  Isotopic dates calculated using lambda238 = 1.55125E-10 (Jaffey et al. 1971) and lambda235 = 9.8485E-10 (Jaffey et al. 1971).
z1.11b    ,4035.06235069475,1.15053259554946,4035.11173606321,1.15051911218068,4046.71246767367,0.55715634943292,4046.7123799622,0.55715642517787,4052.49662676652,0.53207587243313,4052.47195519562,0.53207867609639,0.4302107485203,0.000335842461060118,0.431975018659733,390.02440354679,3.54880311451289,109.903083085049,5191.58444098948,0.870001152453357,0.03836213487289,52.8070647600071,0.055910637811,0.440419213618431,0.01443937834567,     -,  -  ,0.870015478409939,0.03836134750338,52.8070601120109,0.05591064550346,0.774650358800854,z1.11b    ,true,, b  Corrected for initial Th/U disequilibrium using radiogenic 208Pb and Th/U[magma] = 2.80000.
z1.11b L1 ,1398.58427971942,2.44718436056258,1398.66001518359,2.44670725047837,2679.99766098509,4.00097480680731,2679.99732399217,4.00097619144924,3868.19864378749,4.18705763608689,3868.10730152078,4.18778183856243,63.8440419298112,0.0000655958962703159,0.387491715655643,20.5837964589368,4.70095065394516,4.37864550687472,230.842252294437,0.242288677920684,0.19464259676989,13.0047379368177,0.4243354228573,0.389459714948458,0.2758328103376,     -,  -  ,0.242303272990079,0.19459521291597,13.0047332888214,0.42433558053893,0.852343048824409,z1.11b L1 ,true,, c  Corrected for initial Pa/U disequilibrium using initial fraction activity ratio [231Pa]/[235U] = 1.10000.
z1.11c L1 ,740.37277603267,2.2747223267926,740.462459014492,2.27372294912823,2051.99905922746,6.61823124946795,2051.9984337305,6.61823544466948,3871.12770466805,7.57412960720223,3870.93339379287,7.57670876521167,80.8744936226237,0.000102629299681943,0.220495040485616,15.6738979134227,6.72565124734665,2.33046545784042,135.10563875774,0.121705535842113,0.32522110061958,6.54519754019529,0.75138043627299,0.39021726666142,0.50148046597429,     -,  -  ,0.121721141199464,0.32504106286334,6.54519289219897,0.75138098328071,0.854854251329599,z1.11c L1 ,true,, d  % discordance = 100 - (100 * (206Pb/238U date) / (207Pb/206Pb date))
z1.11c L2 ,3900.66849510091,14.9019658676073,3900.72061356336,14.9008059396039,3871.96213673094,11.3533549634133,3871.96203254725,11.3533561302399,3857.13225257646,11.4136186187145,3857.10522920907,11.4142893805749,-1.128720502009,0.0000129883461100414,0.352483864348554,13.7301741234778,8.90517547840695,1.54181960330489,94.6094046834365,0.831419227257176,0.50920547489232,44.2997679681269,1.14337536718583,0.38661210209656,0.75590914994724,     -,  -  ,0.831434034115282,0.50916088858386,44.2997633201305,1.14337548734302,0.853753412481152,z1.11c L2 ,true,, e  Th contents calculated from radiogenic 208Pb and 230Th-corrected 206Pb/238U date of the sample and  assuming concordance between U-Pb Th-Pb systems.
z1.11d    ,3908.55359582681,3.34230613621024,3908.60616708496,3.34227091770125,3970.33569326509,1.26335079032523,3970.33559870151,1.26335092213872,4001.69980436257,0.76992333093134,4001.67284740713,0.76993999356029,2.3276660691592,0.0000224927503053788,0.328198603397722,24.3717881232031,0.630608401058673,38.6480549296321,1886.75350374445,0.833660746366942,0.11404011746465,48.9081894992064,0.12696507536068,0.42568298392042,0.03982945601223,     -,  -  ,0.833675700144778,0.11403780025546,48.9081848512101,0.12696508884953,0.914170554136149,z1.11d    ,true,, f  Total mass of radiogenic Pb.
z1.11d L2 ,3771.09709526,19.036232904357,3771.15130626128,19.0349729599916,3902.43763423862,12.7013471296261,3902.43753313542,12.7013483959277,3970.62177113155,11.9041066756371,3970.59317941542,11.9048981827609,5.0250234691755,0.0000057068154682195,0.304875322799949,5.84130862792051,4.34803462170477,1.34343654918513,83.9763190376033,0.794975615022363,0.66675694771985,45.6799951761614,1.2782759790699,0.416933027053324,0.79411413068158,     -,  -  ,0.794990709900193,0.66670576473888,45.6799905281651,1.27827610929807,0.848804383100586,z1.11d L2 ,true,, g  Total mass of common Pb.
z1.12b L2 ,3865.27346219584,7.8874474232385,3865.32495261629,7.88702826939426,3920.78250231493,4.8868947264978,3920.78240302196,4.88689520841575,3949.29570137882,4.51963775064205,3949.26898834529,4.51991101468361,2.1275246407516,0.0000172877189135152,0.395217379743415,18.492137240138,4.9612300395178,3.72732912863185,198.254467949786,0.821391092777539,0.2713135545331,46.5310246047468,0.49162915895328,0.411042457561117,0.29958378350645,     -,  -  ,0.821405641108606,0.27129649826132,46.5310199567506,0.49162920846817,0.841521132032325,z1.12b L2 ,true,, h  Ratio of radiogenic Pb (including 208Pb) to common Pb.
z1.18     ,4058.2568229493,1.0425764340753,4058.30640369928,1.04257135175832,4065.11712255565,0.50318787727424,4065.11703641969,0.50318794944976,4068.50714591139,0.50723902471527,4068.48250459825,0.5072420064164,0.2519430984014,0.000640407604039971,0.414037081905734,749.49473898593,1.20288668893901,623.080083833178,29346.6856307577,0.876741615054503,0.03461964113713,53.7912548477471,0.05047773160209,0.445178427809406,0.00972114123105,     -,  -  ,0.876756049531098,0.03461916867904,53.7912501997505,0.05047773892205,0.739871828180637,z1.18     ,true,, i  Measured ratio corrected for fractionation and spike contribution only.
z1.18 L1  ,1116.15344184605,0.80625550180117,1116.23487408885,0.8061307567665,2380.09313143202,1.55537913369515,2380.09267864451,1.55538009090463,3756.32155356242,1.66808154115597,3756.20015681362,1.66838142567384,70.2859985246069,0.000634421586148155,0.317216995525992,150.432968452438,11.1994614055054,13.4321609768206,691.252938024921,0.1890364849745,0.07866907313594,9.42320656228454,0.16943728774321,0.361698855691755,0.10488852628529,     -,  -  ,0.189051505188308,0.07865164555602,9.4232019142882,0.16943740003626,0.856375751893997,z1.18 L1  ,true,, j  Measured ratios corrected for fractionation and  tracer and blank.
z1.18 L2  ,3977.11341485011,2.070941857604,3977.16433675759,2.07083542751888,3988.90686245001,1.28074614789493,3988.90676960026,1.28074627847288,3994.84417629406,1.21258555760462,3994.81837788961,1.21265046694521,0.4438411277508,0.0000979983457534175,0.380148692353423,109.480958106913,7.65994019103619,14.2926648742022,704.316937520339,0.853266427139829,0.06977549093869,49.8293998041782,0.12866560694546,0.423735699714207,0.07421445764655,     -,  -  ,0.853281066632671,0.06977125911163,49.8293951561819,0.12866562029963,0.827022776973667,z1.18 L2  ,true,,
z2.18     ,3878.74647741999,1.18783359778972,3878.7924336624,1.18783164537128,3899.22108430089,0.65193649421923,3899.22098287691,0.65193659089724,3909.76628356233,0.51897746490955,3909.74242337617,0.51898539427741,0.7933928499193,0.000756293652534814,0.649193265415334,842.332692212424,0.706680037726014,1191.95767142782,55507.9202352506,0.825201783656884,0.04075567835331,45.5323553624818,0.06561608301283,0.40036307433638,0.0111979396163,     -,  -  ,0.825214795497612,0.04075525927842,45.5323507144856,0.06561609288722,0.892774392193552,z2.18     ,true,,
z2.18 L1  ,1305.79587192875,1.04086126512727,1305.87242043521,1.04072501100346,2418.98162867902,1.89712145429037,2418.98119290508,1.89712246867876,3557.87351289512,2.19843008042472,3557.77310530633,2.19872387926701,63.2984177993952,0.000377116595929824,0.396439146313361,104.658714881752,8.86716007256248,11.8029576578408,618.427425559499,0.224535495368848,0.08805641784198,9.83015157765008,0.20584463159834,0.317664925714581,0.13904135172925,     -,  -  ,0.224550036308535,0.08804023481047,9.83014692965369,0.20584475065012,0.820021163639662,z2.18 L1  ,true,,
z2.18 L2  ,3682.88556058908,1.73424723850717,3682.93699349517,1.73421766918415,3721.2126179394,0.9226229420737,3721.2124970808,0.92262308355493,3741.91110259199,0.8911346202651,3741.88305321671,0.89115740516245,1.5774170038947,0.0000962528812877678,0.464913420507894,94.4512750487767,2.70841860463732,34.8732189651402,1739.09281704849,0.770580789787525,0.06181450218213,38.0497411185676,0.09325256614449,0.358284140954089,0.04869690513468,     -,  -  ,0.770594916475044,0.0618128082282,38.0497364705713,0.09325258073619,0.787558930483954,z2.18 L2  ,true,,
z3.2b     ,3273.6665263596,0.9028102227471,3273.72623475804,0.90279433887214,3296.27625488471,0.60223008085856,3296.27607121853,0.60223030181995,3310.05519026542,0.70946964010704,3310.01843072162,0.70948630887399,1.0993370748874,0.000242842322020122,0.255932870301582,185.127477004838,3.15520526858539,58.6736713607983,3218.24021265841,0.661677309934708,0.03517051356796,24.6960599195149,0.06171225267537,0.270816726857143,0.03133677615452,     -,  -  ,0.661692700902087,0.03516940247983,24.6960552715186,0.06171227576993,0.690463744834378,z3.2b     ,true,,
z3.2b L1  ,579.56261597051,0.62659802180986,579.651816254499,0.62636530044084,1482.42795597763,2.64973715901996,1482.42685990492,2.64974092611409,3215.30566270115,4.00696989651404,3215.04929724947,4.00809065777399,81.9748827399624,0.000963625142688965,0.297588201128411,105.098461222517,13.8299725657202,7.59932535824548,430.249196028331,0.0940699600389202,0.11304853747231,3.30582678818522,0.33989857684364,0.254990025191693,0.25160702671919,     -,  -  ,0.0940850990020059,0.11298993062207,3.30582214018889,0.33989917106161,0.831993748771321,z3.2b L1  ,true,,
z3.2b L2  ,3126.7789886422,4.03242031838451,3126.83945547188,4.03232147039927,3229.30783419077,2.57427699904208,3229.30763800271,2.57427752633652,3293.61662031225,2.6286740980434,3293.57799503731,2.62880052545061,5.065484265568,0.000124741693325403,0.281658829547472,90.0328523515759,8.39102708002815,10.7296581804469,601.502943668064,0.624242560683415,0.16275903257009,23.0559849605917,0.26452384632745,0.267993562285229,0.16425398478326,     -,  -  ,0.6242577960152,0.16275259728519,23.0559803125955,0.2645239027272,0.794565229323866,z3.2b L2  ,true,,
z6.13a    ,3993.94982693816,2.48226234700269,3994.00462088098,2.48223831802543,4008.6211222145,0.85704533211353,4008.6210311501,0.85704542832935,4015.97370934231,0.61714829646574,4015.94608240963,0.6171488376859,0.5484070364535,0.0000397698801917202,0.189336076046113,43.4128893700747,0.654141953746016,66.3661597019822,3296.42308596553,0.85811301909679,0.08337908201612,50.8259252861666,0.0860667996054,0.429768775990521,0.02532036247066,     -,  -  ,0.858128812958052,0.08337744900448,50.8259206381704,0.08606680941952,0.881550042585272,z6.13a    ,true,,
z6.13a L2 ,3720.20057919528,30.1022641802479,3720.25748855911,30.0995262046364,3843.59962660217,23.8597244736136,3843.59951946731,23.8597269920575,3908.58828161647,23.7950708564246,3908.55784678532,23.7966351057856,4.8198400252912,0.0000110898455556139,0.20127843925549,10.8230015819716,15.714858544076,0.688711358846535,53.0400082475448,0.780859503413917,1.06497083709639,43.0519267837184,2.40440614477582,0.400049516267155,1.58221865601872,     -,  -  ,0.78087522502688,1.06486193299623,43.051922135722,2.40440640445864,0.861284689526079,z6.13a L2 ,true,,
z6.13b L1 ,898.652686542241,1.02185792824478,898.739754543181,1.02153812104728,2257.18437064316,2.44670024727313,2257.18385959202,2.44670169220921,3906.30803784405,2.65669572652657,3906.1511047521,2.657416200811,76.9948330281137,0.000315157824073624,0.23345951262399,59.6723302631592,8.82721444607366,6.76004085181158,353.987045854935,0.149587862836949,0.12181986834718,8.23488376695942,0.27022455800336,0.399443329411725,0.17362171579742,     -,  -  ,0.149603389762499,0.12177074810458,8.2348791189631,0.27022473410448,0.860464113273819,z6.13b L1 ,true,,
z6.13b L2 ,3895.24701949473,7.45250062812739,3895.30178388803,7.45236764879352,3958.28366082819,3.05994814677096,3958.28356513551,3.0599484411346,3990.38271409303,1.93113213837996,3990.35454784506,1.93124134767347,2.3841245668567,0.0000382953499928263,0.230390708476221,40.5267251478793,4.6933937085794,8.63484456328423,443.875019543984,0.829879639452075,0.25491255803868,48.3193087885209,0.30759581658322,0.422473682495812,0.12489247966362,     -,  -  ,0.829895184943119,0.25490540007559,48.3193041405244,0.30759584677354,0.911435170272767,z6.13b L2 ,true,,
z9.14a    ,3940.94173730998,1.59661974934361,3940.99593118432,1.5965831085579,3973.7770460937,0.79059740050714,3973.77695185007,0.79059749635583,3990.39521415776,0.72636275579737,3990.36757610886,0.726384637433,1.2393127545943,0.000109460066479787,0.239071554864198,117.820494721579,3.6904371221408,31.9258913841709,1589.26848697776,0.842896625919223,0.05415143265424,49.077626116706,0.07944849173651,0.422477212661119,0.03593692335886,     -,  -  ,0.842912118893326,0.05414964986259,49.0776214687095,0.07944850151877,0.80037669705668,z9.14a    ,true,,
z9.14a L1 ,1386.23040876257,1.06001277405816,1386.32400623417,1.05990551852277,2707.15698259143,1.4760117442785,2707.15665449287,1.47601236708334,3926.33939319747,1.42204618599021,3926.22617283962,1.42225188385939,64.6940758314407,0.0000891266923340179,-0.175787815214568,24.8728262946378,1.83956928951907,13.5210053985737,748.753804552426,0.239910242801199,0.08498344864102,13.3843894747406,0.1562258046383,0.4048031024287,0.08887440266598,     -,  -  ,0.239928245570329,0.08496970743159,13.3843848267443,0.15622587432959,0.853527212173709,z9.14a L1 ,true,,
z9.14a L2 ,3843.48477806958,4.87613092891213,3843.54001394015,4.8758387426877,3909.76181539303,3.19025089361389,3909.76171501649,3.19025121530524,3943.92882905602,3.03218347270393,3943.9000545809,3.03236488480083,2.5468018146382,0.0000286679843944178,0.228995636730835,29.5395725519792,5.34616147287891,5.52537978918772,293.096109711012,0.815245238459957,0.16842408170963,46.0179255599388,0.32101945644788,0.40957441828897,0.19945576680976,     -,  -  ,0.815260792390836,0.16841221939267,46.0179209119426,0.32101948950774,0.837578748901241,z9.14a L2 ,true,,
z9.14bg   ,4138.14469551715,1.85898197512438,4138.19062360393,1.8589612676177,4162.83778924105,0.78192521588484,4162.83771100843,0.78192529178469,4174.7808138304,0.61151439457143,4174.75844497756,0.61151911945176,0.8775578873957,0.000219928679421889,0.562253585858681,276.272910078122,3.6116305925673,76.4953399848502,3462.49948620778,0.900144043927331,0.06087395036347,59.3264589912173,0.07830594131393,0.478223013778277,0.0253363730884,     -,  -  ,0.900157581731289,0.06087279047517,59.3264543432212,0.07830594901662,0.852710711382739,z9.14bg   ,true,,
z9.14bg L2,4109.30780761403,4.3249396843763,4109.35066918222,4.32471024531085,4144.33515084672,2.47711330848341,4144.33507117545,2.47711350797319,4161.36144109999,2.17664487618892,4161.34043561045,2.17676517232901,1.2508798916587,0.0000689254497846874,0.720984488570797,87.7005274221831,12.2487917898664,7.15993290821865,333.677463224443,0.891663070529975,0.14233275481822,58.2371259766534,0.24814755884991,0.4739070952782,0.14332063552009,     -,  -  ,0.891675648051825,0.14232414276139,58.2371213286569,0.24814757916835,0.852628695751951,z9.14bg L2,true,,
z9.14c    ,4088.10388195603,1.60752159040906,4088.15125252713,1.60751233651167,4120.21560895244,0.6580114050473,4120.21552736599,0.65801147815049,4135.90886578488,0.52711676929148,4135.88553994643,0.52712004908859,1.1558519633817,0.000173373487823395,0.509818308600723,210.876465556722,0.461515180892969,456.922056493798,20918.3227959435,0.885451122764522,0.05309936098096,56.8465805202933,0.06594423829876,0.465836816996972,0.01404547839341,     -,  -  ,0.885464977788743,0.05309861464406,56.8465758722968,0.06594424571819,0.843154148663266,z9.14c    ,true,,
z9.14c L1 ,391.483934870849,1.11951299142326,391.575032762142,1.11858681784705,1377.34938268598,5.99435712971837,1377.34816710732,5.99436479895053,3635.09354280362,8.58933003161394,3634.72392855449,8.59417425087177,89.2304302417233,0.00145217988933005,0.317838230645621,112.197800695205,45.0674096218741,2.48955512723208,145.178912545719,0.0626108495861932,0.29473762606092,2.88251267055003,0.79515969710602,0.334053237334741,0.56008710039234,     -,  -  ,0.0626258660416846,0.29442733634524,2.88250802255369,0.79516104468597,0.862731497793785,z9.14c L1 ,true,,
z9.14c L2 ,3919.77316814058,7.43237737613894,3919.82429187562,7.43181353861976,3924.0688614324,5.37420094299747,3924.06876246028,5.37420147048074,3926.26491198543,5.27232025647349,3926.23861840381,5.27263921951886,0.1653414629521,0.0000444312434654105,0.39207147846524,48.1838056486587,15.092514334195,3.1925631860749,173.212631843479,0.83685489462551,0.25306625396664,46.6851113517972,0.54061537420449,0.40478302836455,0.34951789372198,     -,  -  ,0.83686946198849,0.25304465776647,46.6851067038011,0.54061542839517,0.851823872474144,z9.14c L2 ,true,,
z9.14dg   ,4079.07705051112,2.34847812682754,4079.12646695733,2.34845701612086,4126.56787091533,0.8925583589832,4126.56778983769,0.89255844498312,4149.76881274556,0.61433555156535,4149.74446681739,0.61434237361531,1.703510856251,0.0000349538174663867,0.414250950153877,41.8559346446914,0.61318371249588,68.2600235324622,3180.37143078946,0.882812797276347,0.07769746250324,57.2096045451489,0.08944012838348,0.470212729954509,0.02554877282615,     -,  -  ,0.882827230459092,0.07769608941724,57.2095998971523,0.08944013712606,0.886248003989285,z9.14dg   ,true,,
z9.14dg L1,586.319934284949,0.90537682563759,586.410236434425,0.90498188805703,1731.49671481686,3.24486388893652,1731.49585716923,3.24486708309424,3676.09958875681,4.13159412585621,3675.85204325578,4.13310552889279,84.0504882925864,0.000528002529285661,0.264019514920916,61.6589383184157,11.9729081923826,5.14987147046233,282.253512007899,0.0952173971863044,0.1615456234061,4.5028411940197,0.39054125969677,0.343134496765705,0.26865047692897,     -,  -  ,0.0952327392315133,0.16145140290782,4.50283654602335,0.39054171739403,0.83515502950714,z9.14dg L1,true,,
z15.2     ,4055.04926870739,1.24954166117754,4055.09710607465,1.24953640599188,4066.95658159319,0.55899154589201,4066.95649561314,0.55899161967566,4072.84021935497,0.53607845909934,4072.81643292573,0.53608156155081,0.4368192634476,0.000313423713185702,0.499078953103598,371.891902556796,0.599280310641259,620.564193338596,28798.617170025,0.875808033534998,0.04151566530402,53.890604167689,0.05607383862664,0.44647606797122,0.01519543972007,     -,  -  ,0.875821953529623,0.04151513894313,53.8905995196925,0.05607384611617,0.766940509737305,z15.2     ,true,,
z15.2 L1  ,337.144711272414,0.46020571749923,337.233879335365,0.45982886264454,1344.67818413135,2.49923666847524,1344.67692880388,2.49924101936897,3802.70009953447,3.40846024348931,3802.28665655525,3.41093181119692,91.1340704644658,0.000864670718482061,0.390814749769397,59.7838045018614,10.3774431284416,5.76093781116574,299.50805738334,0.0536913530706448,0.14010152798603,2.75957646827764,0.33533120000892,0.372934138846994,0.22277372471709,     -,  -  ,0.0537059280365182,0.13995074670077,2.75957182028131,0.33533193401444,0.866118197389784,z15.2 L1  ,true,,
z15.2 L2  ,3992.29854266879,3.42051667252474,3992.34632851152,3.42037555202946,4023.47192064446,1.87628274383319,4023.47183090226,1.87628291824866,4039.05813074792,1.65346087232754,4039.03404836557,1.6535479197761,1.157685444613,0.0000492549333276154,0.523822206734873,57.1151478735315,5.5135062234397,10.3591336545004,499.819166044903,0.857637114234244,0.1149293151142,51.589491638353,0.18836755380506,0.436467326418345,0.10593885973764,     -,  -  ,0.857650884538399,0.11492358015694,51.5894869903568,0.18836757163803,0.840731232905405,z15.2 L2  ,true,,
z16.2a    ,3377.67150786007,2.27299569732822,3377.7272378662,2.27297284588866,3381.93306249718,1.00056803815499,3381.93289368939,1.00056826145958,3384.45890045464,0.74390014354197,3384.42558776808,0.74391544330626,0.2005458714141,0.0000597502313059245,0.38682448705243,49.1034256533464,0.75236213546464,65.2656790376903,3455.01055382197,0.688703867973198,0.0864572433512,26.9578152695627,0.10219631895165,0.284018237234193,0.03480216996903,     -,  -  ,0.68871846707916,0.08645528891233,26.9578106215664,0.10219634238985,0.885146052254384,z16.2a    ,true,,
z16.2a L1 ,894.643447749358,0.87439596931074,894.720288430861,0.87429718892096,1867.57770728176,2.09386035514552,1867.57695720623,2.0938624392989,3233.39137090824,2.74004375217235,3233.24492168384,2.74052901986882,72.3311116681165,0.00212080431357324,0.53634463361159,386.398335393413,32.4421818292882,11.910368341644,629.907241099828,0.148873118300518,0.10467566390433,5.29203095558617,0.24518069853426,0.257928984054123,0.17064897454815,     -,  -  ,0.148886812847133,0.10465545924959,5.29202630758983,0.24518097680302,0.796497799660438,z16.2a L1 ,true,,
z16.2a L2 ,3570.48524878013,1.52634742999997,3570.53483269452,1.52626358929354,3411.56826055838,1.5029019508819,3411.56809660624,1.50290222932408,3319.52355737857,1.79294800740796,3319.49496277227,1.79302069483167,-7.560172026607,0.000201271479989358,0.587770040643513,182.891545745629,11.0799536166176,16.506526297306,863.005061458202,0.739976355284263,0.05567506056454,27.7858227815642,0.15334023459545,0.272457944255057,0.10969692869439,     -,  -  ,0.739989738720078,0.05567142371436,27.7858181335678,0.15334026389584,0.791438876000694,z16.2a L2 ,true,,
z16.2b    ,3897.80203480771,1.52256543611453,3897.85009216408,1.52255729278962,3937.65551508775,0.68338143094348,3937.65541743113,0.68338152457981,3958.0165943963,0.61535232641397,3957.99181936468,0.61535475433696,1.5213316607577,0.000198851155303426,0.544199985245284,220.892865744207,0.446009568129906,495.264858712333,23286.5507632731,0.830605050048411,0.05205444853854,47.3274650698845,0.06872488709878,0.413440229599865,0.02488288489662,     -,  -  ,0.830618697072121,0.05205370293545,47.3274604218881,0.06872489665506,0.803296032665568,z16.2b    ,true,,
z16.2b L2 ,3630.43917055841,7.64873372343347,3630.49216607585,7.64840301594331,3728.49005425603,4.82982774148982,3728.48993426055,4.82982831822956,3781.60193307743,4.58006346306862,3781.57280753412,4.58033359718008,3.9973208495799,0.0000114604596700513,0.413465022286307,11.0093828913129,2.62847972734981,4.18849830826475,225.591241440118,0.756234232867403,0.27554811339238,38.3306231294109,0.48807512992543,0.367776184930004,0.30035932507233,     -,  -  ,0.756248670804815,0.2755332042724,38.3306184814147,0.48807518971228,0.828556947224916,z16.2b L2 ,true,,
z17.1     ,3279.39637104568,1.50018658438802,3279.45599100688,1.50017466652596,3299.15132425239,0.68831724683594,3299.15114110553,0.68831746845235,3311.17655417656,0.59356678303735,3311.13990149104,0.59357248731038,0.9597852186648,0.00036471867261102,0.257442110227955,278.779224055568,0.995489847286314,280.042257402739,15284.2042764456,0.663154935369596,0.058363963167,24.7689217291112,0.07052577811699,0.271010521222997,0.01917586732232,     -,  -  ,0.663170317206451,0.05836268557012,24.768917081115,0.07052580133765,0.843793702234452,z17.1     ,true,,
z17.1 L1  ,528.243332239132,0.6147082018919,528.333434103988,0.61444871942219,1414.0704654654,2.80128644603033,1414.06929306245,2.80129066186765,3228.15698162716,4.33902385596828,3227.87429419242,4.34037486031641,83.6363802861635,0.00104032092686545,0.292338134959862,103.053346538531,14.9342385348959,6.90047546098397,392.181377876884,0.0853947513074715,0.12120131766271,3.02549263799401,0.36707139765493,0.257074487819638,0.27307639889119,     -,  -  ,0.0854099220321393,0.1211303298374,3.02548798999766,0.36707209017294,0.829344586352339,z17.1 L1  ,true,,
z17.1 L2  ,3137.54970165443,2.12243869798234,3137.61014610845,2.1223893971397,3237.78913265983,1.3758381460008,3237.78893810366,1.37583846464737,3300.47731608088,1.44889088565106,3300.43883024782,1.44895054740389,4.9364864176651,0.000125489502462008,0.278381121445429,90.982992391737,4.28833241897102,21.2164038378276,1171.18178388521,0.626958624666964,0.08543868931607,23.2577614822856,0.14132540697072,0.269167789585403,0.08639047477402,     -,  -  ,0.626973879828058,0.08543542699359,23.2577568342892,0.14132544086625,0.776137492420737,z17.1 L2  ,true,,
z17.16    ,3458.86469238667,0.86745032374676,3458.91766047161,0.86745079991403,3467.40057346552,0.47126704632805,3467.40041828516,0.47126722054809,3472.3355350677,0.53177733152147,3472.30464431336,0.53178285911878,0.3879476088929,0.00072161479637909,0.477348900356801,629.174455185874,0.454164981458984,1385.34339033512,70910.7209047446,0.710107758860342,0.03240601490759,29.4129788993073,0.04799070290699,0.300544517677127,0.01062169288328,     -,  -  ,0.710121810316332,0.03240565773102,29.412974251311,0.04799072089776,0.699047475771507,z17.16    ,true,,
z17.16 L1 ,776.373342244265,3.56942049603392,776.455115725975,3.56935232693084,1829.57834050526,4.47712742217724,1829.57756182727,4.47713112646352,3400.27729839628,2.4574437138835,3400.10180768253,2.45796747470502,77.167352127121,0.00182161077902742,0.434821588184086,285.064630130363,23.8956391059056,11.9295671007984,631.453869963297,0.127987323200899,0.4879965710447,5.06091166567477,0.52805449213118,0.286916720292048,0.154417833911,     -,  -  ,0.128001631936449,0.48793889083,5.06090701767845,0.52805500904929,0.954778070737578,z17.16 L1 ,true,,
z17.16 L2 ,3468.23646428293,1.12142034928999,3468.2891085493,1.12141237980701,3468.44909924485,0.59962062616545,3468.44894422465,0.5996207978654,3468.57190532819,0.68006070280203,3468.541255964,0.68007248396332,0.0096708690037,0.000323978975904873,0.488189947579168,283.879648757874,3.91043747234274,72.5953683611266,3727.93670142498,0.71259571492934,0.04180823886073,29.4444007974764,0.06105923557226,0.299815147654622,0.02934151285996,     -,  -  ,0.712609700799716,0.04180746262927,29.4443961494801,0.06105925337303,0.695143851803113,z17.16 L2 ,true,,
RSES60::zircon,,,,,,,,,,,,,,,,,,,,,,,,,,,,,,,,,,,,
z7.7      ,3912.61880249443,1.79400842429845,3912.6740941108,1.79399401936026,3959.18478089483,0.69292031802768,3959.18468528703,0.69292040965615,3982.86145165582,0.62311940839601,3982.83309411675,0.62311868586162,1.7636227123138,0.00105157092534075,0.198652010331661,1111.60354079282,0.557398386645359,1994.27118453443,98975.6235627525,0.834817445354121,0.06116565309676,48.3630975293487,0.06965329736346,0.420355417834459,0.02583179676748,     -,  -  ,0.834833182856322,0.06116453355274,48.3630928813524,0.06965330670969,0.805020297218068,z7.7      ,true,,
z7.7 L1   ,2186.90814035421,1.29703113480181,2186.97826127218,1.2969823148259,3116.22811972536,1.20559392440075,3116.22790042544,1.20559426456415,3785.24810795288,1.11517120837254,3785.19046230534,1.11524668359342,42.2255007337702,0.00035719146281362,0.27578554077193,179.656863948471,7.15067461675939,25.1244635754227,1286.05650435944,0.403886027441262,0.06993671328706,20.5207430643823,0.12451891268738,0.368661945515827,0.0659396941118,     -,  -  ,0.403901298304968,0.06993219747189,20.520738416386,0.12451894913146,0.860195218725946,z7.7 L1   ,true,,
z7.7 L2   ,3805.13940438402,3.20305510622394,3805.19550703692,3.20278975720633,3873.59172402125,2.44528023362329,3873.59162000463,2.44528049296894,3909.20948922617,2.44888072426233,3909.17998152199,2.44903118971814,2.6621772286436,0.000146970871958173,0.204137333694398,147.838765493762,21.6316348380095,6.83437782677392,361.847926714714,0.804479618295481,0.11145078721231,44.3725278929303,0.24625073289453,0.400214834477655,0.15956939854806,     -,  -  ,0.804495322612853,0.11144034878784,44.3725232449339,0.24625075958031,0.847739948489475,z7.7 L2   ,true,,
z7.19a    ,3973.6910742198,1.14150108641543,3973.74176747376,1.14149272310815,4024.52463501744,0.58403171954818,4024.52454536823,0.58403179863535,4049.97182588697,0.55499074260805,4049.94621752344,0.55499561452273,1.8834884524279,0.000185185142655957,0.392293108956977,209.244966158362,1.52081017606592,137.587826180677,6539.17189344485,0.852282806552946,0.03848413166581,51.6440428956566,0.05863211024244,0.43967377541417,0.01789491312252,     -,  -  ,0.852297372575118,0.0384834946327,51.6440382476605,0.0586321182824,0.782746489775065,z7.19a    ,true,,
z7.19a L1 ,285.498253601811,0.32230049874124,285.595283182335,0.321999388854,1129.73273934906,2.06617820541307,1129.73118806093,2.06618369150912,3603.55242548459,3.2617994693781,3603.01592298771,3.26421986613545,92.07731094509,0.000802455998990654,0.199326312658527,43.466515067142,6.35928272213913,6.83512857760172,377.44911055699,0.0452832659612198,0.11540882727187,2.04231058735629,0.30312351300528,0.327248830863207,0.21006595467716,     -,  -  ,0.0452989993840595,0.11526269444222,2.04230593935996,0.30312454461363,0.857687982419725,z7.19a L1 ,true,,
z7.19a L2 ,3759.17639555497,4.20186881342531,3759.23026136314,4.20157232523037,3879.03691732933,2.95681688343831,3879.03681386903,2.95681719195715,3941.57393959869,2.87279817502083,3941.54540801193,2.87297780505783,4.6275306981121,0.0000313506754353593,0.325343669847021,31.8996939394537,5.47435501179827,5.82711458623049,303.279070057873,0.791659415832942,0.1475167577168,44.6165006776446,0.29772889135876,0.408932078889008,0.18865396208856,     -,  -  ,0.791674386882409,0.14750479188163,44.6164960296485,0.29772892310418,0.839563189985649,z7.19a L2 ,true,,
z7.19b    ,4014.63612714125,1.69343686064023,4014.68647641157,1.69342422434457,4037.91368070765,0.71449150530928,4037.91359223281,0.71449158947762,4049.5050363902,0.56830206566673,4049.4797885379,0.56830494531623,0.861065955854,0.000286708479777508,0.393393521301651,328.422649320146,0.332916101953977,986.502747666881,46775.278867331,0.864085210903904,0.05667088463175,52.3428148095889,0.0717110388853,0.439536108166335,0.01968367643353,     -,  -  ,0.864099770268856,0.05666994952263,52.3428101615924,0.07171104745236,0.848991150612197,z7.19b    ,true,,
z7.19b L1 ,284.794800843313,0.48200672441781,284.891594265164,0.48148901309956,1131.68852303721,3.18223242689952,1131.68697473422,3.18223878595966,3611.81987396941,5.0645606948285,3611.28370322734,5.06843008461995,92.1149223720749,0.00216914831478748,0.205939183808217,117.527180246559,27.5565824984482,4.26494033696585,241.819720481688,0.0451692076245965,0.17301311512557,2.04817619195492,0.46641739518716,0.329017424407142,0.32865595121737,     -,  -  ,0.0451849010412261,0.17276985462127,2.04817154395857,0.46641867447398,0.857522634422441,z7.19b L1 ,true,,
z7.19b L2 ,3740.73238343184,4.31131298439944,3740.78639288174,4.31116996839506,3867.56273471888,2.262174570407,3867.56263008281,2.26217481320579,3933.96749996887,1.9207655365563,3933.93877391559,1.92087981272802,4.9119652498033,0.0000165991776297075,0.325833620238831,16.7598472872241,1.86616135749478,8.98092076546013,458.000190425711,0.78654057633943,0.15190885802963,44.1039199366882,0.22784174694448,0.406864797584717,0.12371301382867,     -,  -  ,0.786555544424823,0.15190220081647,44.103915288692,0.22784177193106,0.846794538565933,z7.19b L2 ,true,,
z7.19c    ,3989.48252184671,12.5112595723303,3989.53246213979,12.5111542651005,4018.03256499208,4.40974403674249,4018.03247476785,4.40974443227266,4032.32302077077,1.1937885504779,4032.29783494289,1.1938011892116,1.0624272585155,0.000303640873563737,0.422238028941845,345.464578791051,3.8366339331764,90.0436645267943,4279.16068982266,0.856825810114155,0.4205924311882,51.3085256241924,0.44275799774587,0.434501271549132,0.07303898657685,     -,  -  ,0.856840194977078,0.42058508835905,51.3085209761963,0.44275803822564,0.984133021433489,z7.19c    ,true,,
z7.19c L1 ,308.766019028531,0.30370222993546,308.862985282203,0.30351580163741,1174.72330880886,1.67033286519461,1174.72182475617,1.67033794359551,3580.73777353566,2.56032669093707,3580.24029695253,2.56195761579408,91.3770279044016,0.000605890079357538,0.191625941834858,35.3699857359779,3.8171404791709,9.26609485005394,507.735787910963,0.0490629411409281,0.10073438557274,2.18014327459236,0.23995774206489,0.322422627861502,0.16337246411998,     -,  -  ,0.0490787211490779,0.1006416946884,2.18013862659602,0.23995863248956,0.826792201022786,z7.19c L1 ,true,,
z7.19c L2 ,3751.72865776937,6.61027253537912,3751.78229284926,6.60981091659829,3858.67259335196,4.70603842122571,3858.67248779573,4.70603891518685,3914.70279183279,4.57550078606056,3914.67428930213,4.57578568242592,4.1631291755642,0.0000236132923796753,0.338788788011546,23.9043077803595,6.42340426139932,3.72143910107131,200.796141176749,0.789590652662091,0.23240895834943,43.7107383164897,0.47407740520219,0.401679992808119,0.30266711316031,     -,  -  ,0.78960554237197,0.23239027965497,43.7107336684933,0.47407745609039,0.844482067855419,z7.19c L2 ,true,,
z7.19d    ,4026.72992789205,1.82735687826379,4026.78046026367,1.82734023923978,4055.38849806059,0.73874832099118,4055.38841109538,0.73874840473829,4069.60577119295,0.61191262661336,4069.5805193112,0.61191730760288,1.0535625736626,0.0000594546199052604,0.380105978802616,68.4916844121956,0.701929896291334,97.5762462520451,4635.70763966036,0.867585611970913,0.06102016043237,53.2687938213903,0.07412144922661,0.445507047751857,0.02496326585449,     -,  -  ,0.867600251722161,0.06101905349351,53.268789173394,0.07412145774846,0.832225201938483,z7.19d    ,true,,
z7.19d L1 ,312.888732820887,0.2143547068049,312.987006770784,0.21428342898905,1147.96260184308,1.07460594100558,1147.96107815777,1.07461187442456,3500.18585630631,1.68424197001593,3499.68516324479,1.68505457590521,91.0607966072101,0.000405688723293374,0.154757703435216,23.5172280442504,1.31427474622006,17.8936924047939,983.00886882762,0.0497340692163663,0.07018432327671,2.09742452693713,0.15629090905374,0.306003507583089,0.10396150472553,     -,  -  ,0.0497500722681016,0.0701394860353,2.09741987894079,0.15629188383047,0.796712651317818,z7.19d L1 ,true,,
z7.19d L2 ,3626.53944956858,21.8914342541446,3626.59469591609,21.8894460835493,3845.02158709229,16.9696466818139,3845.02148010736,16.9696484711545,3960.95100285653,16.5819021025376,3960.92098994124,16.583051036417,8.4427086587736,0.0000124586278011385,0.313608057479064,12.1161598855424,12.5334685091552,0.966704458282394,65.5823878654354,0.755172130410576,0.78927758791867,43.1136611024423,1.71001959998312,0.414250466766539,1.10595714489314,     -,  -  ,0.755187172457554,0.78919694988655,43.113656454446,1.71001978447281,0.860544184407182,z7.19d L2 ,true,,
z9.11 L1  ,2229.37922405598,13.3625564036748,2229.43915938048,13.3621447346063,3256.9398164311,8.68038189597603,3256.93962550998,8.68038353653526,3969.28034974201,5.93004411274593,3969.23242275004,5.93069710924073,43.8341707407771,0.0000148795785822246,0.628186896561707,8.44181192224058,2.8606580600635,2.95100349115238,153.447084654302,0.41316582305994,0.70898995460397,23.7196179707446,0.89092877611293,0.416559800960757,0.39454149500951,     -,  -  ,0.413178961983925,0.70895215881329,23.7196133227483,0.8909289515576,0.902140802490181,z9.11 L1  ,true,,
z10.19    ,3971.02041542264,1.09243676128618,3971.07010969089,1.09241993298671,3993.03377127874,0.58843891642279,3993.03367880561,0.5884389990775,4004.1136599997,0.58915735787409,4004.08846726739,0.58916858934345,0.8264811488159,0.00148606866746978,0.440718344174998,1676.72514615282,30.044173060402,55.8086635562199,2664.8091319941,0.851515590752675,0.03684791084995,50.036410514023,0.05911061140099,0.426370942673172,0.02207982624041,     -,  -  ,0.851529863814331,0.03684700965414,50.0364058660269,0.05911061981151,0.757121581744659,z10.19    ,true,,
z10.19 L1 ,1489.51695635881,0.93165681317352,1489.58747755149,0.93156086287089,2594.15383484747,1.51969665933064,2594.15346812504,1.51969738518408,3622.53800315191,1.6553586966666,3622.45615389952,1.65556439424672,58.8819508570287,0.000681231162782246,0.521677899261744,226.453535974551,14.350090786188,15.780634377067,793.752892748058,0.259936493684107,0.07005177720145,11.8694000485802,0.16227683607446,0.331326038630725,0.10297831525387,     -,  -  ,0.259950276960782,0.07004161491478,11.8693954005838,0.16227691852064,0.860781567585559,z10.19 L1 ,true,,
z10.19 L2 ,4003.32130155606,2.06315692452753,4003.37000838213,2.06310729192792,3918.01214588513,1.062093514398,3918.01204632087,1.06209363720948,3874.63005219763,0.929824372258,3874.60529043643,0.92985953744459,-3.321381593204,0.000145279095307214,0.475982487785805,162.856773783309,6.83417371209006,23.8297679637856,1168.18552940823,0.860816215308163,0.06918422796573,46.401518396764,0.10685452237175,0.391125210379153,0.05236102536725,     -,  -  ,0.860830275030605,0.06918195639763,46.4015137487676,0.10685453495331,0.838436557314287,z10.19 L2 ,true,,
z16.1     ,3982.07032832845,2.26444313244201,3982.11905634509,2.26442352705818,4001.08058703397,0.87053673998854,4001.08049529078,0.87053683798146,4010.62814483752,0.57429880989825,4010.6034994742,0.57430746770654,0.7120534608982,0.000718093141756851,0.482623358567088,819.898603571252,11.6703255114551,70.2549901257231,3322.80052827851,0.854692028087812,0.07622639221692,50.4424761862924,0.08743446591658,0.428233660538649,0.02028088496898,     -,  -  ,0.854706047634653,0.07622505811917,50.4424715382963,0.08743447591535,0.89858451346297,z16.1     ,true,,
z16.1 L1  ,1224.51119887365,1.24769326283655,1224.58548225757,1.24762368079593,2519.77191346777,1.64856899482682,2519.77151887263,1.64856982438646,3831.74925694367,1.54130843870586,3831.6479758128,1.54153355795698,68.0430237794224,0.000532718054950849,0.496788284807196,146.712198547922,8.96844241200793,16.3587155726716,799.159947994657,0.209191917494922,0.11187678030949,10.9603542659034,0.17717264497364,0.380166415434369,0.09664017005935,     -,  -  ,0.209205851347516,0.11186437915799,10.9603496179071,0.17717274040883,0.845069539104953,z16.1 L1  ,true,,
z16.1 L2  ,3889.17550976199,2.7718245419232,3889.22355312803,2.77165501988743,3931.77466605288,1.85846121194776,3931.77456782901,1.85846140211017,3953.57487438552,1.78968648844909,3953.55005905418,1.78978896832803,1.6288894650954,0.0000997473087226537,0.547872481946952,110.462907441625,11.2774236441498,9.79504813574398,478.65932035594,0.828156991578483,0.09491794898021,47.0483732681613,0.18692081560157,0.412217092844435,0.11481070720267,     -,  -  ,0.828170616384511,0.0949112897729,47.048368620165,0.18692083511211,0.837023375226587,z16.1 L2  ,true,,
z16.16c L1,1132.99347257789,0.75526085565271,1133.05862883352,0.75524128808949,2226.53726533202,1.39608455713689,2226.53673862077,1.39608567876272,3472.62989716706,1.5978802235122,3472.53187565178,1.59814186014729,67.3736186657215,0.000600378648397767,0.808260898185741,153.418456265903,7.37914822549475,20.7908083125159,1000.69567668247,0.192146677221936,0.07269015330223,7.96031359451527,0.15476574578711,0.300601646584373,0.09787166123428,     -,  -  ,0.192158726743423,0.07268444666784,7.9603089465189,0.15476588021247,0.826283762917704,z16.16c L1,true,,
z16.16c L2,3943.78413404264,4.32203814746248,3943.83034793326,4.32175488693867,3963.02693016159,2.92312866738965,3963.02683491489,2.92312894779699,3972.78138966926,2.80144547955832,3972.7577855649,2.80160671298369,0.7298980936133,0.0000571859158302748,0.615203459612159,65.4433477421078,10.6337154923866,6.15432562484516,303.505189931761,0.843709387589634,0.14651091340221,48.5502384051287,0.29381394396866,0.417534669371396,0.18419351187195,     -,  -  ,0.843722605060151,0.14650006648083,48.5502337571325,0.29381397272107,0.845573211045672,z16.16c L2,true,,
z18.11    ,3836.2226235089,3.03439539645711,3836.27542020508,3.03436236763776,3864.73779550685,1.68758676049049,3864.73769057927,1.68758694793022,3879.56163668786,1.43880162559948,3879.53396934291,1.43880827715458,1.1171110872195,0.00165236545546737,0.345296599566828,1713.43487310775,11.5082211643178,148.8878992368,7354.75054651055,0.813201440383555,0.1049546975606,43.9786088519048,0.16998113716537,0.392407595513528,0.08976131058177,     -,  -  ,0.813216290722809,0.10495249813298,43.9786042039086,0.16998115644453,0.862816567881069,z18.11    ,true,,
z18.11 L1 ,1228.27086938771,0.75124724385341,1228.34984219873,0.75123589956893,2420.80471745034,1.01015961856173,2420.80428245813,1.01016042594659,3664.290299778,0.87909346063919,3664.18168764501,0.87917440465584,66.4799792346658,0.00125138550869189,0.349959716879236,326.764830984244,4.54929009430313,71.8276531526175,3646.16766850436,0.209897346750858,0.06717478138136,9.84961424589792,0.1095860234681,0.340491543307169,0.0473734926976,     -,  -  ,0.209912168879422,0.06716984665816,9.84960959790161,0.1095861158227,0.897324684337785,z18.11 L1 ,true,,
z18.11 L2 ,3738.62055916965,1.81137735397277,3738.67348721906,1.81132539920615,3774.11723873339,1.07094972389006,3774.11712401066,1.07094986946972,3793.01678348799,1.00258030133988,3792.98834675888,1.00262037104437,1.434115044129,0.000482702308135784,0.376166819237255,479.424068457081,20.817070498425,23.0303331342108,1163.50940156273,0.785955407328078,0.06385037218709,40.1382918344435,0.10810021081567,0.370557012929474,0.0575711086741,     -,  -  ,0.785970070910254,0.06384787381857,40.138287186447,0.10810022581457,0.824511890219136,z18.11 L2 ,true,,
RSES59::zircon,,,,,,,,,,,,,,,,,,,,,,,,,,,,,,,,,,,,
z2.9a     ,4001.27148350314,1.507502877012,4001.3143870143,1.50750139180483,4003.23483392068,0.61979501585138,4003.23474237193,0.6197950987782,4004.21911785729,0.50596264888675,4004.19746857398,0.50597069410833,0.0736132131482,0.000401980757195034,0.753535995152506,482.116975829027,1.04761575404822,460.204014655203,20757.9105593012,0.860224610705893,0.05057005972299,50.5517329196893,0.0622479981828,0.426401026244769,0.00892923133529,     -,  -  ,0.860236991299302,0.05056961865387,50.5517282716929,0.06224800662243,0.839655159227262,z2.9a     ,true,,
z2.9a L1  ,841.87774841648,1.135510642895,841.960733277507,1.13543931750576,2015.98023033162,2.00657521911922,2015.97958224806,2.00657691848248,3601.19314310958,2.05878628065204,3601.03065680711,2.05919421766715,76.6222550426848,0.000605060516623063,0.37527016535721,104.741261576191,7.8331111997643,13.3716040670203,695.505268816589,0.139507652929924,0.14387727959011,6.28223725207187,0.22907411844944,0.326746059162796,0.13012567903701,     -,  -  ,0.13952232193663,0.14385496806737,6.2822326040755,0.2290743357253,0.837063148698996,z2.9a L1  ,true,,
z2.9a L2  ,3841.53731106602,6.06540372613767,3841.58415429006,6.06535465385081,3907.54975007733,2.17853995246305,3907.54964948187,2.17854017758426,3941.59852291139,0.82374236387646,3941.57408455964,0.82374679649151,2.5385947164264,0.0000811948573051762,0.620299091193347,89.3640491497305,1.16386912749194,76.7818709499613,3589.52880609599,0.814696934212615,0.20957985315901,45.9156060341336,0.21922628681876,0.408938778746876,0.04413311255095,     -,  -  ,0.814710120855841,0.20957628827405,45.9156013861374,0.21922630994571,0.968214288887446,z2.9a L2  ,true,,
z2.9a L3  ,3952.61100195485,3.32449795473019,3952.65585621318,3.3244583831459,3969.56410334319,1.32634103468457,3969.56400870773,1.32634117180649,3978.14265330434,0.92341226445213,3978.11978479065,0.92343726074057,0.6417982856467,0.0000396855019670538,0.676575778635278,46.0511161651203,1.55320288151327,29.6491312971639,1376.97411224225,0.846235648812591,0.11251325279454,48.8702786553637,0.13329758307033,0.419032352918752,0.05232956997944,     -,  -  ,0.846248494995986,0.11251098844874,48.8702740073673,0.13329759710533,0.887565334204372,z2.9a L3  ,true,,
z2.9b     ,3962.30505572425,1.37011833416381,3962.35073794415,1.37011419060892,3970.59514423389,0.61122762746678,3970.59504969447,0.61122771362152,3974.78625694883,0.54435340875121,3974.7630053012,0.54435898389894,0.3140093684978,0.000139728518676113,0.634124928807888,161.448163858436,0.572957694092714,281.780252753376,13027.9117537824,0.849014088258144,0.04628765674533,48.9209436834992,0.06142724331824,0.418094048939433,0.01598233568358,     -,  -  ,0.849027191258523,0.04628713041796,48.9209390355028,0.06142725209354,0.807906941741676,z2.9b     ,true,,
z2.9b L1  ,669.349380659044,0.49392959511975,669.439971562443,0.49384808155044,1728.80857776168,1.3917681193002,1728.8077178405,1.39177036060543,3457.31256674696,1.73424925676705,3457.09005052538,1.73469728199316,80.6396046716469,0.00151405231334641,0.222930638752053,194.787240594163,12.1492226174747,16.0328974723035,875.162712217634,0.109414970384252,0.07768982052394,4.48829217454617,0.16760735642211,0.297644889444578,0.10698289393442,     -,  -  ,0.109430561006845,0.07766702407729,4.48828752654984,0.16760765796303,0.830036762931369,z2.9b L1  ,true,,
z2.9b L2  ,3620.04415730503,1.78845437063102,3620.09866429484,1.78838905699289,3734.18289148261,1.10936981237135,3734.18277215802,1.10936996841026,3795.998402356,1.11283807766713,3795.96841710561,1.1128886254891,4.6352560354547,0.0000743485057631335,0.349353865750818,70.5136031057693,3.61270201333324,19.5182450269986,992.623826126758,0.753404540837751,0.06456743772946,38.5517531504664,0.11209030198993,0.371287181668673,0.0658256628858,     -,  -  ,0.753419366631564,0.06456435515512,38.5517485024702,0.11209031809773,0.783020166460925,z2.9b L2  ,true,,
z2.9b L3  ,3860.33144932239,4.29902648118569,3860.38126252631,4.29895456814696,3879.26230755194,1.83199633316405,3879.2622041146,1.83199653147047,3889.06024866749,1.3027060053478,3889.03427236536,1.30276547643099,0.7387080042009,0.0000216718955357623,0.475332399381137,23.2132998467587,1.4765143143718,15.721689671959,774.646066100793,0.819995295283206,0.1480167347711,44.626627549879,0.1844671298237,0.394890571435998,0.08013632361797,     -,  -  ,0.820009358938519,0.14801286398179,44.6266229018826,0.18446715021263,0.887209085835073,z2.9b L3  ,true,,
z2.9c     ,3941.68864953134,3.28835289821698,3941.73289368984,3.28833061089475,3974.00601668383,1.20617313899253,3974.00592246146,1.20617326563996,3990.36049058265,0.60884271165165,3990.33790377825,0.60884790137686,1.2197354390958,0.0000519041326561588,0.709004164918739,60.4569501945441,0.141814807770885,426.309150256141,19407.0737794533,0.843110165062019,0.11151343202341,49.0889199791554,0.12120985515915,0.422467406394607,0.02429580090869,     -,  -  ,0.84312281506182,0.11151176846051,49.0889153311593,0.12120986811524,0.94220399091023,z2.9c     ,true,,
z2.9c L1  ,926.642715828083,0.7625685355231,926.729003994785,0.76248671057436,2034.65481873376,1.55352121759612,2034.6541824606,1.55352271227968,3475.76957782444,1.8183811776139,3475.61366926016,1.81869902519456,73.3399267390996,0.000251036775311231,0.245379173358124,45.9487618666662,2.95817541611344,15.5328049906639,842.703325120802,0.154590171680368,0.08835002019619,6.41740895109569,0.17683970701403,0.301211738716105,0.11280873507472,     -,  -  ,0.154605626494963,0.08833289168135,6.41740430309932,0.17683989442385,0.809216499303326,z2.9c L1  ,true,,
z2.9c L2  ,3238.61167984836,3.7876130388333,3238.66989539839,3.78748919344103,3580.71652237152,2.25495339302695,3580.71638357779,2.25495371834448,3778.04780810907,2.02865080283003,3778.01292141745,2.02877404524877,14.2781710465094,0.0000439284343455456,0.332992574278642,35.9265710881077,3.62869172129232,9.90069530494943,514.859718520599,0.652665826933043,0.14877897779723,33.0036770418271,0.22880800437874,0.366915037861746,0.12974536500679,     -,  -  ,0.652680751708561,0.14877205460727,33.0036723938307,0.22880803833606,0.831158386736973,z2.9c L2  ,true,,
z2.9d L1  ,841.305351472415,3.30130855594547,841.387242760758,3.30005393690101,2034.52249041395,9.90001262495949,2034.52185405787,9.90001891125847,3634.7047668042,12.1353805951894,3634.54470191641,12.1384781928113,76.8535436727608,0.0000319454098631422,0.407435857604517,5.59185051113054,3.08874447459157,1.81039595768762,109.009058169275,0.13940647703228,0.41856570686051,6.41644235104754,1.12695653489816,0.333968419498124,0.79196497750458,     -,  -  ,0.139420951444624,0.41836851294879,6.41643770305122,1.12695736056548,0.865957535418827,z2.9d L1  ,true,,
RSES58::zircon,,,,,,,,,,,,,,,,,,,,,,,,,,,,,,,,,,,,
z3.4a L1  ,2208.64868730523,1.57115141130594,2208.7158304856,1.57104152175447,3212.4645897056,1.50342007155477,3212.46439023601,1.50342041982824,3917.29630113222,1.45305789911411,3917.24203728016,1.45317896886274,43.6180335230994,0.000123689401427168,0.374813596890478,65.6414438435925,4.47537374035671,14.6672541002934,728.018816796064,0.40862862908449,0.08401707436854,22.6602340605781,0.15459842973519,0.402373765827181,0.09101268532261,     -,  -  ,0.40864330085332,0.08400905673595,22.6602294125818,0.15459846688881,0.831867369058392,z3.4a L1  ,true,,
z3.4a L2  ,3668.56605622644,4.46402761005515,3668.6195233374,4.46367651362281,3874.14137456083,3.23032922584647,3874.1412706005,3.23032956327624,3982.28805778987,3.11334904564183,3982.25929530093,3.11355760034243,7.8779334144285,0.0000786630044923951,0.377944968169256,78.8397140822321,15.1970209553945,5.18784005849819,267.757378145247,0.766652140454871,0.15957371576377,44.3970957499741,0.32530473473021,0.420194405425877,0.20543556950961,     -,  -  ,0.766666793279692,0.15955943906841,44.3970911019778,0.32530476946068,0.847783529963615,z3.4a L2  ,true,,
z3.4a L3  ,3764.736482694,2.86506092612761,3764.78893278882,2.86500044571055,3917.05586506859,1.31266094079426,3917.05576541052,1.31266108476185,3995.97259700865,1.02011174646933,3995.94494022993,1.02015655342382,5.7867292305195,0.000041478386327969,0.388304200640698,43.1816429554834,2.23279156941855,19.3397554643798,944.270244551008,0.793205403957574,0.10047546642426,46.3568969862296,0.13206615447668,0.424055548632946,0.05989241742723,     -,  -  ,0.793219994111641,0.10047231483024,46.3568923382331,0.1320661692408,0.862267130822224,z3.4a L3  ,true,,
z3.4b     ,4017.08064007492,1.92704417847326,4017.12760973447,1.9270271768573,4039.3629302782,1.03176205965194,4039.36284192955,1.03176216455612,4050.45401728865,1.01242905514783,4050.43046707782,1.01243055261571,0.8239416389196,0.000315832194533619,0.55408205253065,371.861483364932,1.11951454799359,332.163154138002,15347.6866899785,0.864792215506011,0.06446027317144,52.4190050191727,0.10355156441493,0.439816034384164,0.05956241947147,     -,  -  ,0.864805802745695,0.06445916137332,52.4190003711765,0.1035515751154,0.768860855658014,z3.4b     ,true,,
z3.4b L1  ,1712.54911554487,0.94252679048803,1712.62381880496,0.94246339153541,2835.12420327668,1.20432475266144,2835.12391402837,1.20432523467313,3771.05482539231,1.19466948480049,3770.97901540408,1.19478382292198,54.5870003264482,0.000441838267868154,0.301606555732093,168.158981526703,7.63805877129984,22.0159318698311,1124.40781796224,0.304290456673716,0.06267025800307,15.3164217763638,0.12635176350463,0.36522713967135,0.07166510973452,     -,  -  ,0.304305571326765,0.06266365607917,15.3164171283675,0.12635181642489,0.864450857856387,z3.4b L1  ,true,,
z3.4b L3  ,3939.05716147718,3.44565038282639,3939.10688313859,3.44555198308919,3979.53265553345,1.67765953870303,3979.53256182252,1.67765970400529,4000.00070611356,1.38720339888605,3999.97534411342,1.38727732841249,1.5235883469529,0.0000408549373419724,0.451093328279756,45.6518122062227,3.61809192954523,12.6176484995949,616.063416961171,0.842357943370031,0.1169042605481,49.3622927730745,0.1685714760337,0.425199460462228,0.08684983101036,     -,  -  ,0.842372153665638,0.11689985164267,49.362288125078,0.16857149295846,0.849301959769696,z3.4b L3  ,true,,
z3.4c     ,4068.16304287102,1.78766212556557,4068.20767660462,1.78765393837614,4083.8490567013,0.69870513717701,4083.84897213983,0.6987052158337,4091.57115297694,0.52500730995943,4091.54902883197,0.5250131406852,0.5721056589444,0.000100371318843811,0.648798809318234,122.956514273086,0.52487949093507,234.256655854545,10587.3712190589,0.879627825388674,0.05925706540864,54.8114331461973,0.07006740649159,0.452133051277898,0.01344088190762,     -,  -  ,0.879640839615761,0.05925632759905,54.8114284982011,0.07006741448588,0.863928930176408,z3.4c     ,true,,
z3.4c L1  ,3529.93005433957,10.1038865204865,3529.98106745362,10.1030319797781,3870.91224421987,7.42656151935209,3870.9121399284,7.4265622850742,4052.51109781154,6.95200828853508,4052.48297159467,6.95250994679716,12.8952402808762,0.0000235065761123808,0.53827841185543,23.3421278300807,10.1693726158604,2.29533607546996,124.303863654218,0.729064307855325,0.37171968717154,44.2529528205636,0.74793273287275,0.44042349010837,0.46533222764942,     -,  -  ,0.729077990703068,0.37168421449464,44.2529481725673,0.74793281172496,0.863204801642349,z3.4c L1  ,true,,
z3.4c L2  ,3974.1775061596,11.4544885998452,3974.22390061007,11.4536309813878,4030.00255288723,7.61358710746006,4030.00246372037,7.6135877781433,4057.92219311977,7.09463000364534,4057.89875896191,7.09508783877287,2.0637331859679,0.000017220281525693,0.596301846535459,20.1554330145164,9.20797355987057,2.18891082641203,118.581089183605,0.852422580927989,0.38613806811178,51.9288211742215,0.76426358608728,0.442025755288385,0.47508016850923,     -,  -  ,0.85243591274852,0.38610589739916,51.928816526225,0.76426365470393,0.858039311764128,z3.4c L2  ,true,,
z3.4c L3  ,4021.89621447677,9.58899436357467,4021.94233607693,9.58859741558639,4046.87690160159,5.01829185041852,4046.87681390432,5.01829228690678,4059.2913463084,4.18588587655773,4059.26825200916,4.18614926825283,0.9212231555057,0.00000963563022674355,0.59298524750396,11.4537299669351,3.08134206588359,3.71712381229919,188.6066126156,0.866185765525934,0.32047834403047,52.8157791298499,0.50358402627556,0.442432177556174,0.2790816514455,     -,  -  ,0.866199117411056,0.32046243046268,52.8157744818533,0.50358407090052,0.85926748583792,z3.4c L3  ,true,,
z3.4d     ,4017.02943461656,6.45310045630582,4017.07460720658,6.45305135397441,4080.25027704439,2.18975576356309,4080.25019218268,2.18975595315171,4111.50955313915,0.5530607042826,4111.48698617234,0.55306620409079,2.2979423324083,0.000128372107774529,0.640028826855966,155.021692260249,0.965369759552734,160.582710123499,7243.85761173847,0.864777403060176,0.21586035423978,54.6139731509811,0.21960686779567,0.458240527756874,0.01790881925603,     -,  -  ,0.864790470343456,0.21585696262578,54.6139685029845,0.21960688714525,0.985520054256304,z3.4d     ,true,,
z3.4d L1  ,1717.56505903162,3.2635463846275,1717.63260466127,3.26303774181845,2971.40962570485,4.21299926523427,2971.40937278698,4.21300034500092,3980.58000899843,4.145773688216,3980.51256017915,4.1463902204845,56.8513871056749,0.000145159618310337,0.539230873946118,60.1794320847631,14.5622908784675,4.13255253496875,209.636855892973,0.305305717709058,0.21644566234687,17.6601973203964,0.43841171716069,0.41971517417536,0.27503374264165,     -,  -  ,0.305319394794644,0.21640450111392,17.6601926724,0.43841183570654,0.855411012187468,z3.4d L1  ,true,,
z3.4d L2  ,3564.58509727016,5.34428787098282,3564.63478677947,5.34385412650705,3904.04495273527,3.73974686101071,3904.04485179199,3.73974723824321,4083.2626207419,3.46178101874018,4083.23547420533,3.46203532528015,12.702526671613,0.0000510661164061096,0.585086963769774,52.0483553341943,11.7815599570681,4.41778130602892,219.508920909058,0.738384551349311,0.19517980963942,45.7539466130164,0.37635874447571,0.449614197167263,0.23040917979583,     -,  -  ,0.738397951017069,0.19516193145937,45.7539419650203,0.3763587832572,0.854822966894944,z3.4d L2  ,true,,
z3.4d L3  ,3790.76790232292,4.43223955915856,3790.81574774653,4.4321264201879,3989.27140519218,2.03657457257526,3989.27131237576,2.03657476719922,4090.65430243246,1.49326936962605,4090.62934071474,1.49336030979013,7.3310130345461,0.0000283659856512091,0.591129611286652,31.3765308520348,2.8792077914179,10.8976264045823,513.921714752595,0.800461229784686,0.15464949005878,49.8476518474381,0.20459574778396,0.451854342138265,0.09496981860312,     -,  -  ,0.800474592895942,0.15464410853641,49.8476471994419,0.20459576771121,0.880047022491138,z3.4d L3  ,true,,
z3.4e     ,3979.05314057506,1.46204992918416,3979.10299460024,1.46204412358303,4000.83300695,0.61842994374126,4000.83291518444,0.61843002686528,4011.77448681412,0.57158033118194,4011.74926311435,0.57158370737775,0.8156327417359,0.0000633232533290724,0.430182571039275,71.6143654402067,0.470839770608404,152.09922761552,7233.50346434764,0.853824158827317,0.04924295395121,50.4299345352002,0.06211380951686,0.428562357356611,0.01993902240759,     -,  -  ,0.853838495627755,0.04924231239824,50.4299298872039,0.06211381797698,0.787809067861669,z3.4e     ,true,,
z3.4e L1  ,2262.89988282779,2.86980336958801,2262.96075742052,2.86976458677112,3210.75070591428,1.73047686225869,3210.75050610772,1.73047724892173,3871.4267510916,1.01833924206849,3871.37836671653,1.01840558383175,41.5486840299965,0.000208824801137233,0.582651415825443,117.589356913929,3.716257683968,31.6418738725281,1503.18816500242,0.420533271357054,0.15037823535626,22.620331200792,0.17796020999739,0.390294700759649,0.05915479185422,     -,  -  ,0.420546685759264,0.15037282648896,22.6203265527957,0.17796025130948,0.928914974938594,z3.4e L1  ,true,,
z3.4e L2  ,3885.14609921394,1.75303006463609,3885.19352130713,1.75297939537893,3941.03752669096,0.9646409584699,3941.03742935907,0.96464107057929,3969.603855813,0.90323487229277,3969.57936676646,0.90327297928885,2.1276117130777,0.0000704908396946798,0.578385060506109,78.5776578862574,3.3902222194554,23.1777307798071,1098.85678252261,0.827014636602682,0.06007585904355,47.4887013118712,0.09700319675662,0.416649777226908,0.05069618709919,     -,  -  ,0.82702807681527,0.06007358826527,47.4886966638747,0.09700320822602,0.805011344597466,z3.4e L2  ,true,,
z3.4e L3  ,3927.75979723208,10.9952538971621,3927.80784432656,10.9943777024379,3971.89709414153,7.81366488500823,3971.89699972325,7.81366561386589,3994.26483556638,7.51283190243257,3994.24026241912,7.51330572415887,1.6650132395357,0.0000283049716110347,0.53417637606422,31.9147916311872,14.7909136409172,2.15772956329749,119.314162794767,0.839132031925633,0.37382613945479,48.9849946389161,0.78523826604937,0.423571588895802,0.50126659323546,     -,  -  ,0.839145739589663,0.37379302975235,48.9849899909196,0.78523834078691,0.858496858973039,z3.4e L3  ,true,,
z4.19a    ,3831.85179034116,4.21702063084788,3831.90000287663,4.21698484089168,3872.31116069053,1.66880752890239,3872.31105654265,1.6688077130715,3893.32369235469,0.84256709029625,3893.29841578338,0.84256496639516,1.5789055026235,0.000324868850839453,0.559950415743531,349.871456650585,3.28725459441872,106.43272268738,5060.37285707526,0.811972460266146,0.14598149715882,44.315341816835,0.16806121402612,0.396010645579159,0.04547502243121,     -,  -  ,0.811986012003706,0.14597891362313,44.3153371688389,0.16806123296229,0.946062206124199,z4.19a    ,true,,
z4.19a L1 ,998.596729100146,1.19577473085461,998.677252430748,1.19550783559138,2162.08521759337,2.83333052513573,2162.08465636489,2.83333231352843,3573.29673184085,3.36926629496738,3573.16193528214,3.36994242853169,72.0539097634441,0.000222692712615174,0.389293831812994,46.2155704124996,6.62228176192964,6.97879855825299,372.43436732536,0.167549744779801,0.12925959438344,7.40922759851828,0.31670177759805,0.320865646583538,0.21668092504675,     -,  -  ,0.167564328946846,0.12922111017892,7.40922295052195,0.31670200112546,0.842657384339779,z4.19a L1 ,true,,
z4.19a L2 ,3574.91273413451,1.67927155931547,3574.96332180025,1.67923715837643,3659.28289713697,0.94658195955041,3659.28276867759,0.94658211417165,3705.79430693603,0.91262670345785,3705.76602089805,0.91266211599008,3.5318088906486,0.0000658529483449688,0.541435935587698,62.6822865755127,2.16760969109708,28.9176999129339,1433.21986174507,0.741171805301603,0.06119634201322,35.7392167651289,0.09583257888394,0.349880869640057,0.0502173529142,     -,  -  ,0.741185469047121,0.06119444045282,35.7392121171327,0.09583259487713,0.796384271376697,z4.19a L2 ,true,,
z4.19a L3 ,3657.16908268606,5.60051452016316,3657.21839844475,5.60044101036936,3714.00149430829,2.3333189579254,3714.00137258832,2.33331925033346,3744.79999026098,1.45006760619677,3744.7729523779,1.45013797715747,2.3400691038993,0.0000460497637224966,0.569947669865701,45.6364193475288,2.98318425396606,15.297888250401,758.97157705573,0.763531537406958,0.20066238624708,37.7733971757118,0.23588048258669,0.358965839761186,0.08966239616429,     -,  -  ,0.76354502866364,0.20065774198729,37.7733925277156,0.23588051289546,0.916915493716558,z4.19a L3 ,true,,
z4.19b    ,3936.60397061424,1.72608567047758,3936.65302918415,1.72607339601734,3971.33428862462,0.73689313042222,3971.334194154,0.73689322320482,3988.92457681151,0.56075873849791,3988.89952175237,0.56076317057094,1.3116469160992,0.000262157649307126,0.483300419249178,293.681435462685,1.78467218972419,164.557635376204,7786.64963899301,0.841656965171284,0.05858922586436,48.9572966823137,0.07405529183018,0.42206210828366,0.01840473819166,     -,  -  ,0.841670980622078,0.05858827947777,48.9572920343174,0.07405530129525,0.865670098089803,z4.19b    ,true,,
z4.19b L1 ,1242.13079810165,1.26800224495809,1242.20916963499,1.26773651700436,2507.31240781348,2.41597618389493,2507.31200834654,2.41597726647528,3787.72503091579,2.61814743598844,3787.61926719181,2.61862001224348,67.2064157782507,0.000126465495588288,0.36338061967662,34.1920719472998,4.45503590082055,7.6749262426824,397.439705760127,0.212501450424913,0.11223341691178,10.814488589297,0.25993914044306,0.369264999114614,0.16966511590072,     -,  -  ,0.212516191360385,0.11220347758374,10.8144839413007,0.259939266376,0.86228410175464,z4.19b L1 ,true,,
z4.19b L2 ,3670.78081462602,3.59271019599777,3670.83266716488,3.59252055977556,3797.57565942236,2.39173849041118,3797.5755473197,2.39173876497811,3865.17457073457,2.30356752124552,3865.14646620895,2.30370234667786,5.0293654930987,0.0000432977275034081,0.450278082478635,43.0684443043964,5.36011617097132,8.03498337174879,407.834540058863,0.7672592035084,0.1283695818148,41.0997746600912,0.24128154908928,0.388679281229661,0.14925339511807,     -,  -  ,0.767273418736042,0.12836146032202,41.0997700120949,0.24128157743607,0.8289876900672,z4.19b L2 ,true,,
z4.19b L3 ,3764.97691836095,3.25341989965837,3765.02787855467,3.25334973208856,3846.42307887592,1.53956798545271,3846.42297203856,1.53956816227201,3889.14082891038,1.28313563879406,3889.1137640562,1.28319147532044,3.1925794413626,0.000028193410758057,0.45672387532746,29.1349202569855,1.78127041729708,16.3562589790242,807.318580134087,0.793272287431957,0.1140895501267,43.1745914284274,0.15513624159172,0.394911708936702,0.07873127232291,     -,  -  ,0.793286463664168,0.11408595262331,43.1745867804311,0.15513625978719,0.842370021030892,z4.19b L3 ,true,,
z4.19c    ,3805.34053583365,2.17507151076353,3805.39062601097,2.17504940978183,3845.48051022491,0.95037997119997,3845.48040328832,0.95038009535564,3866.46935630307,0.79741076176545,3866.44291888655,0.79741684606542,1.580998446807,0.0000763566546698187,0.48226258691518,80.0508303656371,1.0927167949571,73.2585338992429,3550.79933005863,0.804535919869223,0.07567900737091,43.1336036799651,0.09576813092628,0.389013221228317,0.04161084229042,     -,  -  ,0.804549941598641,0.07567750750031,43.1335990319686,0.09576814367106,0.834840887419534,z4.19c    ,true,,
z4.19c L1 ,1385.24753200792,2.29869153210834,1385.32224465925,2.2981947310405,2483.5610530812,4.68300521044026,2483.56064415998,4.68300716782314,3564.65571786564,5.53370411175752,3564.5628273282,5.53449709019193,61.139373851303,0.000129018354061738,0.424991653900197,38.4784121193291,9.14304849246326,4.20848824667695,230.961063614825,0.239721209639418,0.18440812892427,10.541336894656,0.5049578816401,0.319068029083485,0.35819147637458,     -,  -  ,0.239735577843602,0.18435936084001,10.5413322466597,0.50495811199193,0.857089765446626,z4.19c L1 ,true,,
z4.19c L2 ,3607.62868808593,2.84389539020318,3607.67943926337,2.84377345157086,3668.12721196507,1.92055813670688,3668.12708461975,1.9205583944633,3701.33116586908,1.93747542480704,3701.30297347335,1.93757661940821,2.5315885983726,0.0000370566205277373,0.522607043071271,35.5440861021452,3.1927639239265,11.1327009916952,565.383557118077,0.750030821803257,0.10293474635846,36.0606249794242,0.19439139521322,0.348857605463616,0.12286099074957,     -,  -  ,0.750044599458846,0.10292925238836,36.0606203314277,0.1943914219784,0.805177753379377,z4.19c L2 ,true,,
z4.19c L3 ,3660.47146027323,30.113042689647,3660.52209983202,30.1127599805835,3721.44717183014,10.9933478537429,3721.44705099946,10.9933491646086,3754.43657987961,3.11737848006786,3754.40885887607,3.11753427246909,2.5027755192337,0.0000201707848821685,0.508911981844946,19.8305007874093,2.86870017063922,6.91271293890243,356.140070625935,0.764435193119673,1.07820532645771,38.058762666309,1.11112744778287,0.361250160452778,0.20265905411829,     -,  -  ,0.764449053626943,1.07818412443257,38.0587580183127,1.11112758374983,0.982866378524528,z4.19c L3 ,true,,
z4.19d L1 ,1446.40887856146,4.67478067814675,1446.48295378756,4.67380873060941,2507.72460658033,9.35518734773918,2507.72420727552,9.35519106080413,3530.61877504987,11.2585055028615,3530.52993876448,11.2599813202017,59.0324254551943,0.0000239225159854135,0.422807279751108,7.44454454160832,3.47646758074372,2.14141060392564,127.173564717644,0.251539229379366,0.36081266700199,10.8192857013098,1.0065033388797,0.312095078304951,0.7292755562155,     -,  -  ,0.251553610798465,0.36072117084907,10.8192810533135,1.00650377494394,0.840300693017375,z4.19d L1 ,true,,
z4.19d L2 ,3521.74404536383,9.44210108203994,3521.7964418436,9.44193629021314,3579.56838473959,4.4709269555278,3579.56824578883,4.47092757599159,3612.08382015787,3.5002903160651,3612.053993548,3.50046163113032,2.5010431455074,0.0000156796193643884,0.479893216956315,14.2764220015537,2.12365085245273,6.72258435752985,355.620120817052,0.726870041011883,0.34797923250423,32.9652493402735,0.45367631419434,0.329074062442188,0.2259204041859,     -,  -  ,0.726884077075395,0.3479692682205,32.965244692277,0.45367637903768,0.870354374006221,z4.19d L2 ,true,,
z4.19e L1 ,969.52727435528,4.01080366199891,969.617102587188,4.00950086945364,2077.32230889866,11.3571119103466,2077.32169880843,11.3571187997861,3475.40516113697,14.5761316766874,3475.24957805241,14.5790650078687,72.1031871277391,0.0000251419174148549,0.122821632847964,4.69849765262941,2.92634386329326,1.60558631251961,106.028921430965,0.162296649985223,0.44557480720475,6.73573789149253,1.28456049472753,0.301140855867334,0.94079985092324,     -,  -  ,0.162312846242167,0.44539183466295,6.73573324349622,1.28456138855291,0.840772389188249,z4.19e L1 ,true,,
z6.10a    ,4109.96009783193,8.65603138204317,4110.00637837675,8.65596409491212,4112.63595653983,2.87003582489511,4112.63587434208,2.87003606193984,4113.94317489291,0.52871564832561,4113.92043913501,0.52871974962065,0.096818961557,0.000468980187802665,0.554918063498319,576.172771387131,0.783466469519754,735.414716267705,33562.1297057599,0.891854491017616,0.28483564925268,56.4163738752896,0.28766564563249,0.458992111904135,0.01420142267631,     -,  -  ,0.891868073199644,0.28483114226853,56.4163692272934,0.28766566980442,0.992312372867332,z6.10a    ,true,,
z6.10a L1 ,1243.08159819414,4.75051458342501,1243.15774636013,4.74921667746237,2579.08277843292,9.05272041172225,2579.08240622674,9.05272376076056,3902.66074566185,9.61542736792275,3902.55883992348,9.61741136282575,68.1478437608,0.000185111576695702,0.432157678202614,51.7863234030709,28.4812886667438,1.81825773436787,105.269394467317,0.212680298925977,0.42018593420779,11.679793638871,0.96789046786268,0.398475812093414,0.63842641121764,     -,  -  ,0.212694623777513,0.42004780387518,11.6797889908747,0.96789085630909,0.86639319214133,z6.10a L1 ,true,,
z6.10a L2 ,4047.49232724577,23.1513674321011,4047.5406176464,23.1510859206937,4064.47770861721,8.33171221277402,4064.477622427,8.33171292178994,4072.87859155323,3.52860728782083,4072.85454878421,3.52882237883337,0.623300295769,0.0000522913772645102,0.48000975101683,61.7006570392498,14.0877081685446,4.37975122007542,222.163198791702,0.873610367411952,0.77022913732971,53.7567621868344,0.83581277882981,0.446487577805473,0.2347973438433,     -,  -  ,0.873624402770463,0.7702131672385,53.756757538838,0.83581285127598,0.959694511146378,z6.10a L2 ,true,,
z6.10a L3 ,4075.74868957196,3.44388493410851,4075.79624224629,3.4437578057995,4079.00210530469,1.77093770367022,4079.00202033859,1.77093786001329,4080.60410124072,1.50635533407815,4080.58055381696,1.50643502282233,0.1189875701807,0.0000391123566315543,0.505416312428679,46.8413586732211,4.25558022871359,11.0070439648087,527.663537595403,0.881840929368011,0.11400478633427,54.5456510120797,0.17760831955753,0.448811456377676,0.09583606499128,     -,  -  ,0.881854811023204,0.11399962433254,54.5456463640831,0.17760833550973,0.846769597410479,z6.10a L3 ,true,,
z6.10c    ,4088.83297140383,2.31921650711125,4088.87968106048,2.31917295675509,4091.51907843532,1.07195256689402,4091.51899451021,1.07195266863612,4092.83779192881,0.87741531597755,4092.81473082994,0.87744152756729,0.0978494806924,0.000049773717613161,0.541515630665556,60.3560580971924,2.30958757930148,26.1328293579785,1217.68900213318,0.885664379347051,0.07659815466326,55.234619039591,0.10748257246998,0.452518398755915,0.04916048887352,     -,  -  ,0.885678042610431,0.07659608965058,55.2346143915947,0.10748258283229,0.846407510180561,z6.10c    ,true,,
z6.10c L1 ,1222.42133781687,6.86388059224935,1222.49884025001,6.86200320558981,2588.46507981653,12.83587041246,2588.46471103375,12.8358750955848,3945.38232952533,13.4339776538805,3945.27732975797,13.4368697814334,69.0164035898662,0.0000375429410554613,0.397757571649121,10.3199364588191,8.2024301679428,1.25815596689284,78.4646036056442,0.2087999734698,0.61641829067644,11.7974999297124,1.37129396776419,0.409971437867882,0.8949297175658,     -,  -  ,0.208814506433344,0.61621420892274,11.797495281716,1.37129451029268,0.862693359024998,z6.10c L1 ,true,,
z6.10c L2 ,4073.37182779337,7.20954093694555,4073.41939595857,7.2092909780241,4060.06438707054,3.55339210849182,4060.06430050489,3.55339241565107,4053.49038866202,2.91227211199658,4053.46678313311,2.91244364250134,-0.490477026588,0.0000112559434884603,0.505514978101796,13.4006629449674,2.4453480947668,5.48006354336453,273.259521311653,0.881147202413016,0.23876118242932,53.5192806012477,0.35649469560643,0.440712995749371,0.19267647634346,     -,  -  ,0.881161083471308,0.2387509050722,53.5192759532514,0.35649472699012,0.857084045783787,z6.10c L2 ,true,,
z6.10c L3 ,4078.87752394527,32.8565025010647,4078.9240392553,32.8549934837021,4078.57475984889,17.5845896358381,4078.57467484703,17.5845911087377,4078.42570133459,14.8926907263941,4078.40267438969,14.8936434070279,-0.011078358263,0.00000716675187532454,0.55438329771638,8.65649758570843,8.51793955648112,1.016266613341,65.0836081340255,0.882754522187713,1.08706840840757,54.522278367612,1.76358180884309,0.448154850762742,1.00031016318501,     -,  -  ,0.882768107604939,1.08700959681344,54.5222737196157,1.76358195926996,0.858117335815659,z6.10c L3 ,true,,
z6.10d    ,4141.07696049407,2.19472010678687,4141.1200919971,2.19470695203361,4141.91571695069,0.83990692901828,4141.91563708936,0.83990701026516,4142.32264555107,0.63228541842225,4142.30160019954,0.63229105351913,0.0300721398016,0.0000475145578597556,0.697555403213157,60.6339266637302,0.565488380867026,107.22400090832,4775.21738142657,0.901008554500903,0.071831691567,58.0961449988592,0.08414205013014,0.467856274193033,0.02744219452677,     -,  -  ,0.90102127376284,0.07183072761688,58.0961403508631,0.08414205838338,0.862041010329472,z6.10d    ,true,,
z6.10d L1 ,1542.502673353,16.2786580964725,1542.57598531536,16.2782818922362,2883.04304077978,12.3698596422767,2883.04276486484,12.3698630159076,4024.62019885271,5.58360509644795,4024.53999126829,5.58457833633541,61.6733356903413,0.0000937934662721527,0.41196846740569,33.9144556182363,11.8157242217345,2.87028158255863,153.249985212294,0.270335104154171,1.18663253420368,16.1048994277261,1.29389003758678,0.432264558988173,0.37259895004235,     -,  -  ,0.270349551145363,1.18655519481376,16.1048947797298,1.29389041230089,0.958188653416112,z6.10d L1 ,true,,
z6.10d L2 ,4124.01852039909,3.39344707889054,4124.06549490156,3.39336137833651,4124.50778070688,1.5354944497961,4124.50769946459,1.53549458125026,4124.74609971771,1.23712302429191,4124.72309686335,1.2371840123293,0.0176393722433,0.0000257928257545115,0.516278922914776,31.7029360914049,2.3157557999915,13.6901032878861,645.448708008336,0.895984773558314,0.11139279244783,57.0916239765583,0.15387195122327,0.462344636881411,0.07670684911442,     -,  -  ,0.895998589497441,0.11138907334555,57.0916193285622,0.15387196461194,0.849896991412748,z6.10d L2 ,true,,
z6.10d L3 ,4135.85604126691,14.8742025535529,4135.90215469715,14.8731935833175,4138.32611293324,8.90486160620197,4138.32603278908,8.90486231050511,4139.52561888408,7.9365807639361,4139.50310251298,7.93710146230992,0.0886472981452,0.0000123081161344968,0.554020621617397,15.3224304126504,8.46229937449637,1.81066985869455,100.616678881667,0.899469560292898,0.48726066482806,57.8875958863669,0.89214526449624,0.466974428837553,0.5342955055283,     -,  -  ,0.899483147904223,0.48722373739535,57.8875912383708,0.89214533627421,0.858978343609941,z6.10d L3 ,true,,
