analysis,Sc,Ti,Mn,Fe,Sr,Y,Zr,Nb,Ba,La,Ce,Pr,Nd,Sm,Eu,Gd,Tb,Dy,Ho,Er,Tm,Yb,Lu,Hf,Ta,Ir,Pb,Th,U,teaconc,Age206Pb238U,Age206Pb238U_sigma,Age206Pb238Uu,Age206Pb238Uu_sigma,Age207Pb206Pb,Age207Pb206Pb_sigma,Age207Pb206Pbu,Age207Pb206Pbu_sigma,Age207Pb235U,Age207Pb235U_sigma,Age207Pb235Uu,Age207Pb235Uu_sigma,Corr6875,Discordance,Pbcpg,Pbradpg,Th_U,Upg,r206Pb_238U,r206Pb_238U_2sigma,r207Pb_235U,r207Pb_235U_2sigma,Pbc,Pbrad,fragment,zircon,L,F,Z
RSES58 z3.4a L1,5485.04,0,NaN,NaN,NaN,7953.88,433116,28.8633,NaN,20.4768,601.719,33.3775,219.689,170.972,55.8198,381.153,91.7129,669.247,170.18,608.213,142.711,804.884,178.835,8198.5,4.02642,NaN,55810.4,36901.2,98452.2,135259,2208.72,1.57104,2208.65,1.57115,3917.24,1.45318,3917.3,1.45306,3212.46,1.50342,3212.46,1.50342,0.831838,43.618,4.47537,65.6414,0.374814,123.689,0.408643,0.0840091,22.6602,0.154598,3562.23,52248.2,RSES58 z3.4a,RSES58 z3.4,1,25,12
RSES58 z3.4a L2,4918.84,0,NaN,NaN,NaN,3905.39,472592,28.584,NaN,92.6903,275.791,41.1303,196.647,65.6659,34.3531,125.499,31.4474,244.23,85.57,346.162,86.7919,517.183,124.597,8702.05,3.956,NaN,10849.6,3430.17,9075.85,187943,3668.62,4.46368,3668.57,4.46403,3982.26,3.11356,3982.29,3.11335,3874.14,3.23033,3874.14,3.23033,0.847761,7.87793,15.197,78.8397,0.377945,78.663,0.766667,0.159559,44.3971,0.325305,1753.38,9096.24,RSES58 z3.4a,RSES58 z3.4,2,25,12
RSES58 z3.4b L1,3741.97,0,NaN,NaN,NaN,14366.4,413137,36.4459,NaN,29.4354,977.327,50.2969,325.868,270.76,78.2927,802.305,189.314,1337.95,299.65,1003.3,185.509,1244.23,235.241,8255.48,3.78546,NaN,65049.9,49310.5,163493,256683,1712.62,0.942463,1712.55,0.942527,3770.98,1.19478,3771.05,1.19467,2835.12,1.20433,2835.12,1.20432,0.864419,54.587,7.63806,168.159,0.301607,441.838,0.304306,0.0626637,15.3164,0.126352,2826.3,62223.6,RSES58 z3.4b,RSES58 z3.4,1,26,12
RSES58 z3.4b L2,3163.78,0,NaN,NaN,NaN,4326.65,472856,3.56132,NaN,16.1938,35.3542,10.325,72.0461,49.0869,32.318,150.688,39.1405,315.466,94.8356,368.571,83.3873,519.914,116.157,8889.48,1.53955,NaN,NaN,4725.2,NaN,277713,NaN,NaN,NaN,NaN,NaN,NaN,NaN,NaN,NaN,NaN,NaN,NaN,NaN,NaN,NaN,NaN,NaN,NaN,NaN,NaN,NaN,NaN,NaN,NaN,RSES58 z3.4b,RSES58 z3.4,2,26,12
RSES58 z3.4c L1,11458.6,0.849061,NaN,NaN,NaN,5177.91,465287,7.44891,NaN,6.05045,65.7202,4.80183,31.2298,27.6123,15.804,92.0054,36.0815,261.44,107.738,426.443,151.804,616.725,186.594,8258.08,4.00272,NaN,9183.99,3467.64,6442.09,69516.8,3529.98,10.103,3529.93,10.1039,4052.48,6.95251,4052.51,6.95201,3870.91,7.42656,3870.91,7.42656,0.863185,12.8952,10.1694,23.3421,0.538278,23.5066,0.729078,0.371684,44.2529,0.747933,2786.97,6397.02,RSES58 z3.4c,RSES58 z3.4,1,27,12
RSES58 z3.4c L2,11273,0,NaN,NaN,NaN,4163.09,468571,6.43469,NaN,8.19706,31.3948,5.11633,28.5394,21.6129,13.9897,77.148,30.1857,219.586,93.6719,371.184,137.649,551.02,169.666,8378.19,10.8406,NaN,4419.89,1545.65,2592.06,72611.4,3974.22,11.4536,3974.18,11.4545,4057.9,7.09509,4057.92,7.09463,4030,7.61359,4030,7.61359,0.85802,2.06373,9.20797,20.1554,0.596302,17.2203,0.852436,0.386106,51.9288,0.764264,1386.02,3033.87,RSES58 z3.4c,RSES58 z3.4,2,27,12
RSES58 z3.4d L1,7374.36,0,NaN,NaN,NaN,16489.2,412760,43.9558,NaN,43.7971,884.336,44.4491,275.209,252.758,53.6074,800.251,189.065,1353.21,341.368,1213.33,240.095,1460.43,283.325,7547.25,6.89343,NaN,42113,44103.6,81789.8,115628,1717.63,3.26304,1717.57,3.26355,3980.51,4.14639,3980.58,4.14577,2971.41,4.213,2971.41,4.213,0.855363,56.8514,14.5623,60.1794,0.539231,145.16,0.305319,0.216405,17.6602,0.438412,8205.09,33907.9,RSES58 z3.4d,RSES58 z3.4,1,28,12
RSES58 z3.4d L2,9953.66,6.45233,NaN,NaN,NaN,7594.87,458313,8.11475,NaN,12.3426,107.794,13.3472,81.2551,63.441,17.5212,173.22,55.0332,463.719,160.112,653.808,181.132,922.103,231.596,8701.19,3.30689,NaN,17100.3,8004.48,13680.8,82944.3,3564.63,5.34385,3564.59,5.34429,4083.24,3.46204,4083.26,3.46178,3904.04,3.73975,3904.04,3.73975,0.854801,12.7025,11.7816,52.0484,0.585087,51.0661,0.738398,0.195162,45.7539,0.376359,3156.33,13944,RSES58 z3.4d,RSES58 z3.4,2,28,12
RSES58 z3.4e L1,2846.51,0,NaN,NaN,NaN,9960.19,445579,23.0432,NaN,13.7586,415.383,24.466,169.586,146.981,43.1219,437.378,105.68,796.098,200.935,715.79,138.973,922.493,178.198,7669.29,3.5102,NaN,25379.8,25456.5,43690.7,291790,2262.96,2.86976,2262.9,2.8698,3871.38,1.01841,3871.43,1.01834,3210.75,1.73048,3210.75,1.73048,0.928907,41.5487,3.71626,117.589,0.582651,208.825,0.420547,0.150373,22.6203,0.17796,777.523,24602.3,RSES58 z3.4e,RSES58 z3.4,1,29,12
RSES58 z3.4e L2,4518.71,0,NaN,NaN,NaN,5723.82,470842,4.48455,NaN,4.02384,28.4928,5.5628,51.3027,49.9108,27.8165,173.437,47.9528,388.44,122.482,483.263,109.033,658.926,145.366,8539.1,2.06338,NaN,7928.6,3943.69,6818.45,202402,3885.19,1.75298,3885.15,1.75303,3969.58,0.903273,3969.6,0.903235,3941.04,0.964641,3941.04,0.964641,0.804993,2.12761,3.39022,78.5777,0.578385,70.4908,0.827028,0.0600736,47.4887,0.0970032,327.93,7600.67,RSES58 z3.4e,RSES58 z3.4,2,29,12
RSES58 z4.19a L1,5972.46,0,NaN,NaN,NaN,4520.69,419793,19.1297,NaN,26.4953,1004.42,29.4858,178.439,138.624,34.3187,253.379,66.0968,432.168,108.375,369.422,105.675,535.793,124.719,9532.26,6.43863,NaN,32009.4,52519,134908,127878,998.677,1.19551,998.597,1.19577,3573.16,3.36994,3573.3,3.36927,2162.08,2.83333,2162.09,2.83333,0.842564,72.0539,6.62228,46.2156,0.389294,222.693,0.167564,0.129221,7.40922,0.316702,4011.81,27997.6,RSES58 z4.19a,RSES58 z4.19,1,30,13
RSES58 z4.19a L2,3927.17,0,NaN,NaN,NaN,2548.29,476244,6.73195,NaN,6.90437,43.5637,2.97169,24.2655,14.4883,20.0894,43.9314,16.3519,137.973,53.559,228.308,68.6761,352.006,89.9495,10156.3,2.98437,NaN,3392.76,1865.37,3445.24,195616,3574.96,1.67924,3574.91,1.67927,3705.77,0.912662,3705.79,0.912627,3659.28,0.946582,3659.28,0.946582,0.796367,3.53181,2.16761,62.6823,0.541436,65.8529,0.741185,0.0611944,35.7392,0.0958326,113.403,3279.36,RSES58 z4.19a,RSES58 z4.19,2,30,13
RSES58 z4.19b L1,5424.46,0,NaN,NaN,NaN,3447.31,449915,10.8104,NaN,17.2334,472.783,12.9893,97.0398,65.7331,27.669,156.409,42.6719,283.425,79.4978,278.097,88.3753,419.501,105.712,9673.01,4.30651,NaN,21070,25054.3,68947.7,134984,1242.21,1.26774,1242.13,1.268,3787.62,2.61862,3787.73,2.61815,2507.31,2.41598,2507.31,2.41598,0.862222,67.2064,4.45504,34.1921,0.363381,126.465,0.212516,0.112203,10.8145,0.259939,2428.84,18641.2,RSES58 z4.19b,RSES58 z4.19,1,31,13
RSES58 z4.19b L2,6143.2,0,NaN,NaN,NaN,2585.35,473412,8.58881,NaN,103.026,172.084,19.755,88.5981,32.4052,28.6198,67.9469,20.4396,147.462,56.2252,213.867,77.371,340.297,97.7067,10475.6,3.77105,NaN,4151.66,1671.34,3711.8,138368,3670.83,3.59252,3670.78,3.59271,3865.15,2.3037,3865.17,2.30357,3797.58,2.39174,3797.58,2.39174,0.828964,5.02937,5.36012,43.0684,0.450278,43.2977,0.767273,0.128361,41.0998,0.241282,459.509,3692.15,RSES58 z4.19b,RSES58 z4.19,2,31,13
RSES58 z4.19c L1,6752.58,0.521062,NaN,NaN,NaN,6200.44,440857,16.6839,NaN,20.2718,553.174,19.4282,275.031,118.033,28.5939,381.472,94.3519,592.948,138.463,458.599,125.918,581.021,142.706,9795.32,6.72418,NaN,24766.6,28516.4,67098.8,99949.8,1385.32,2.29819,1385.25,2.29869,3564.56,5.5345,3564.66,5.5337,2483.56,4.68301,2483.56,4.68301,0.857031,61.1394,9.14305,38.4784,0.424992,129.018,0.239736,0.184359,10.5413,0.504958,4755.04,20011.5,RSES58 z4.19c,RSES58 z4.19,1,32,13
RSES58 z4.19c L2,6421.3,9.96658,NaN,NaN,NaN,2547.1,473184,7.77237,NaN,4.68753,41.2012,2.45091,23.3484,14.5537,11.5492,44.4378,17.5939,136.769,54.0361,223.524,86.3354,337.806,107.478,10610.6,4.95985,NaN,3753.96,1876.75,3591.13,111103,3607.68,2.84377,3607.63,2.8439,3701.3,1.93758,3701.33,1.93748,3668.13,1.92056,3668.13,1.92056,0.805152,2.53159,3.19276,35.5441,0.522607,37.0566,0.750045,0.102929,36.0606,0.194391,309.408,3444.55,RSES58 z4.19c,RSES58 z4.19,2,32,13
RSES58 z4.19d L1,12884.8,0.90967,NaN,NaN,NaN,2865.02,454535,10.8784,NaN,9.78083,267.112,10.8258,66.6389,44.852,2.87937,107.446,36.7101,208.901,70.8189,240.649,118.468,345.554,129.421,9496.78,6.26244,NaN,15325.5,14193.9,33570.6,65975.6,1446.48,4.67381,1446.41,4.67478,3530.53,11.26,3530.62,11.2585,2507.72,9.35519,2507.72,9.35519,0.840241,59.0324,3.47647,7.44454,0.422807,23.9225,0.251554,0.360721,10.8193,1.0065,4878.55,10447,RSES58 z4.19d,RSES58 z4.19,1,33,13
RSES58 z4.19d L2,8628.21,26.9693,NaN,NaN,NaN,2212.66,472418,9.43534,NaN,72.6931,103.002,14.0846,53.3575,20.4774,0.758929,45.3307,19.404,110.202,52.1884,190.122,104.671,294.184,117.894,9717.79,5.93469,NaN,2957.27,1356.83,2827.36,72544.3,3521.8,9.44194,3521.74,9.4421,3612.05,3.50046,3612.08,3.50029,3579.57,4.47093,3579.57,4.47093,0.870342,2.50104,2.12365,14.2764,0.479893,15.6796,0.726884,0.347969,32.9652,0.453676,382.938,2574.33,RSES58 z4.19d,RSES58 z4.19,2,33,13
RSES58 z4.19e L1,19098.4,537.612,NaN,NaN,NaN,2801.26,445881,10.791,NaN,10.3511,301.365,13.3891,83.1388,69.9559,0,108.144,42.8341,180.56,74.5473,231.505,179.571,323.792,186.705,8750.57,5.69105,NaN,40714.2,16488.8,134250,36081.9,969.617,4.0095,969.527,4.0108,3475.25,14.5791,3475.41,14.5761,2077.32,11.3571,2077.32,11.3571,0.840683,72.1032,2.92634,4.6985,0.122822,25.1419,0.162313,0.445392,6.73573,1.28456,15625.7,25088.5,RSES58 z4.19e,RSES58 z4.19,1,34,13
RSES58 z4.19e L2,25693.5,666.161,NaN,NaN,NaN,2091.16,456273,8.76337,NaN,26.8367,62.9835,10.3691,42.1769,27.6396,0,33.1061,28.5279,73.1989,59.6011,174.14,203.197,208.92,196.296,8520.24,5.44934,NaN,NaN,891.096,NaN,29035.4,NaN,NaN,NaN,NaN,NaN,NaN,NaN,NaN,NaN,NaN,NaN,NaN,NaN,NaN,NaN,NaN,NaN,NaN,NaN,NaN,NaN,NaN,NaN,NaN,RSES58 z4.19e,RSES58 z4.19,2,34,13
RSES58 z6.10a L1,4342.68,0,NaN,NaN,NaN,13415.5,421788,26.1955,NaN,62.9741,714.286,44.1809,298.794,220.139,55.9714,666.083,174.667,1234.11,287.39,901.454,172.585,1049.47,197.943,8868.26,3.95513,NaN,41309.7,41170.6,95267.6,178704,1243.16,4.74922,1243.08,4.75051,3902.56,9.61741,3902.66,9.61543,2579.08,9.05272,2579.08,9.05272,0.866335,68.1478,28.4813,51.7863,0.432158,185.112,0.212695,0.420048,11.6798,0.967891,14657.9,26651.8,RSES58 z6.10a,RSES58 z6.10,1,35,14
RSES58 z6.10a L2,2976.28,0,NaN,NaN,NaN,2279.98,478746,3.05939,NaN,42.3179,81.9862,9.08918,50.7934,21.2452,23.7001,63.5112,18.2099,152.25,48.8576,191.106,53.9047,297.985,76.3866,9283.23,1.34799,NaN,3887.12,1287.37,2681.98,267504,4047.54,23.1511,4047.49,23.1514,4072.85,3.52882,4072.88,3.52861,4064.48,8.33171,4064.48,8.33171,0.95969,0.6233,14.0877,61.7007,0.48001,52.2914,0.873624,0.770213,53.7568,0.835813,722.546,3164.57,RSES58 z6.10a,RSES58 z6.10,2,35,14
RSES58 z6.10b L1,23675.5,555.98,NaN,NaN,NaN,2086.76,458415,7.06615,NaN,11.2989,36.9893,36.8166,121.178,29.1112,0,33.9832,28.9557,71.2317,62.7661,182.165,204.02,204.91,197.403,8559.53,5.4767,NaN,NaN,751.086,NaN,28709.3,NaN,NaN,NaN,NaN,NaN,NaN,NaN,NaN,NaN,NaN,NaN,NaN,NaN,NaN,NaN,NaN,NaN,NaN,NaN,NaN,NaN,NaN,NaN,NaN,RSES58 z6.10b,RSES58 z6.10,1,36,14
RSES58 z6.10b L2,22051.2,569.435,NaN,NaN,NaN,2099.73,460047,7.78116,NaN,20.2449,50.8648,8.73858,42.4047,29.1924,0,34.0839,29.4361,71.4579,64.843,177.122,206.54,204.86,198.428,8602.56,5.64004,NaN,NaN,743.406,NaN,28493.4,NaN,NaN,NaN,NaN,NaN,NaN,NaN,NaN,NaN,NaN,NaN,NaN,NaN,NaN,NaN,NaN,NaN,NaN,NaN,NaN,NaN,NaN,NaN,NaN,RSES58 z6.10b,RSES58 z6.10,2,36,14
RSES58 z6.10c L1,9707.42,0,NaN,NaN,NaN,6280.85,443832,14.0625,NaN,27.275,439.83,39.781,237.519,165.823,52.1374,355.036,87.3746,574.703,143.517,478.576,117.056,660.128,141.224,8744.28,2.42458,NaN,29098.4,23459.6,58979.6,82851.6,1222.5,6.862,1222.42,6.86388,3945.28,13.4369,3945.38,13.434,2588.46,12.8359,2588.47,12.8359,0.862633,69.0164,8.20243,10.3199,0.397758,37.5429,0.208815,0.616214,11.7975,1.37129,12885.9,16212.5,RSES58 z6.10c,RSES58 z6.10,1,37,14
RSES58 z6.10c L2,7596,0,NaN,NaN,NaN,2498.79,474083,3.14313,NaN,10.2381,35.6699,8.72964,32.848,11.1501,23.4014,48.6611,18.2623,128.994,54.305,221.946,73.7775,320.467,90.2846,9379.67,1.43391,NaN,NaN,721.222,NaN,86476.9,NaN,NaN,NaN,NaN,NaN,NaN,NaN,NaN,NaN,NaN,NaN,NaN,NaN,NaN,NaN,NaN,NaN,NaN,NaN,NaN,NaN,NaN,NaN,NaN,RSES58 z6.10c,RSES58 z6.10,2,37,14
RSES58 z6.10c L3,10277.6,0,NaN,NaN,NaN,2711,471829,4.72749,NaN,5.67119,38.8086,17.1394,51.0497,11.0728,24.8148,53.9168,20.1503,148.188,57.5927,236.042,93.3725,319.416,104.517,8956.89,2.8311,NaN,3526.88,815.906,1471.74,55187,4078.92,32.855,4078.88,32.8565,4078.4,14.8936,4078.43,14.8927,4078.57,17.5846,4078.57,17.5846,0.858098,-0.0110784,8.51794,8.6565,0.554383,7.16675,0.882768,1.08701,54.5223,1.76358,1749.21,1777.66,RSES58 z6.10c,RSES58 z6.10,3,37,14
RSES58 z6.10c R,2677.87,0,NaN,NaN,NaN,2726.74,479133,2.07288,NaN,0.739495,19.2345,2.61888,14.3895,12.535,15.9355,60.4183,17.8877,168.086,56.3798,241.836,56.7016,374.627,80.3961,9546.66,0.980884,NaN,1681.91,723.408,1335.89,258901,4088.88,2.31917,4088.83,2.31922,4092.81,0.877442,4092.84,0.877415,4091.52,1.07195,4091.52,1.07195,0.846399,0.0978495,2.30959,60.3561,0.541516,49.7737,0.885678,0.0765961,55.2346,0.107483,61.9879,1619.92,RSES58 z6.10c,RSES58 z6.10,4,37,14
RSES58 z6.10d L1,5510.2,0,NaN,NaN,NaN,8364.39,431718,11.1558,NaN,27.3802,564.906,46.3246,293.581,220.487,65.2172,477.342,117.114,770.527,184.719,626.645,136.162,876.739,177.853,8745.12,1.80537,NaN,43665.8,36895.6,89559.3,124180,1542.58,16.2783,1542.5,16.2787,4024.54,5.58458,4024.62,5.58361,2883.04,12.3699,2883.04,12.3699,0.958176,61.6733,11.8157,33.9145,0.411968,93.7935,0.27035,1.18656,16.1049,1.29389,11282.3,32383.4,RSES58 z6.10d,RSES58 z6.10,1,38,14
RSES58 z6.10d L2,4445.9,0,NaN,NaN,NaN,2647.78,477218,2.80453,NaN,2.96111,21.5559,6.37457,31.8241,16.1139,25.5818,66.853,20.1606,164.698,57.8548,230.393,64.7339,358.251,87.205,9363.44,1.22133,NaN,2722.79,1065.81,2064.41,142546,4124.07,3.39336,4124.02,3.39345,4124.72,1.23718,4124.75,1.23712,4124.51,1.53549,4124.51,1.53549,0.849882,0.0176394,2.31576,31.7029,0.516279,25.7928,0.895999,0.111389,57.0916,0.153872,185.349,2537.44,RSES58 z6.10d,RSES58 z6.10,2,38,14
RSES58 z6.10d L3,6107.36,0,NaN,NaN,NaN,3215.49,474835,3.37917,NaN,5.42801,28.9257,10.1873,40.1303,16.1987,34.6952,66.6017,21.4062,188.302,70.3863,279.596,94.2753,416.495,115.866,9163.29,1.75005,NaN,3888.18,1114.72,2012.06,69721.3,4135.9,14.8732,4135.86,14.8742,4139.5,7.9371,4139.53,7.93658,4138.33,8.90486,4138.33,8.90486,0.85896,0.0886473,8.4623,15.3224,0.554021,12.3081,0.899483,0.487224,57.8876,0.892145,1383.37,2504.82,RSES58 z6.10d,RSES58 z6.10,3,38,14
RSES58 z6.10d R,2955.51,0,NaN,NaN,NaN,4049.09,476897,2.98052,NaN,0.975388,21.5491,3.7415,22.1621,20.9422,22.6725,96.2886,28.6396,264.36,90.3155,368.011,85.6228,544.516,118.946,8874.19,1.26529,NaN,2684.21,1453.7,2083.99,164251,4141.12,2.19471,4141.08,2.19472,4142.3,0.632291,4142.32,0.632285,4141.92,0.839907,4141.92,0.839907,0.862039,0.0300721,0.565488,60.6339,0.697555,47.5146,0.901021,0.0718307,58.0961,0.0841421,24.8023,2659.4,RSES58 z6.10d,RSES58 z6.10,4,38,14
RSES59 z2.9a L1,2944.03,0,NaN,NaN,NaN,7214.01,418841,20.7315,NaN,25.3716,1596.3,51.6711,320.459,199.105,53.0386,393.782,95.2221,673.951,156.281,572.213,116.832,901.081,169.298,11609.2,5.23626,NaN,24745.6,49911.5,133002,322820,841.961,1.13544,841.878,1.13551,3601.03,2.05919,3601.19,2.05879,2015.98,2.00658,2015.98,2.00658,0.836994,76.6223,7.83311,104.741,0.37527,605.061,0.139522,0.143855,6.28223,0.229074,1721.84,23023.7,RSES59 z2.9a,RSES59 z2.9,1,39,15
RSES59 z2.9a L2,2964.16,0,NaN,NaN,NaN,4335.34,466278,7.90839,NaN,57.9459,115.802,18.6599,112.272,53.3115,32.7381,131.88,38.2455,297.713,94.5281,398.795,85.6544,617.71,126.544,12682.7,3.14416,NaN,12564.7,6990.34,11269.3,263605,3841.58,6.06535,3841.54,6.0654,3941.57,0.823747,3941.6,0.823742,3907.55,2.17854,3907.55,2.17854,0.968214,2.53859,1.16387,89.364,0.620299,81.1949,0.81471,0.209576,45.9156,0.219226,161.537,12403.1,RSES59 z2.9a,RSES59 z2.9,2,39,15
RSES59 z2.9a L3,3752.33,0,NaN,NaN,NaN,4222.05,469824,9.77475,NaN,4.72337,77.5869,10.6725,57.1362,30.954,33.3398,91.4532,29.4796,257.841,89.3539,396.404,95.006,613.591,134.723,12212.5,2.814,NaN,7021.09,3960.1,5853.16,143653,3952.66,3.32446,3952.61,3.3245,3978.12,0.923437,3978.14,0.923412,3969.56,1.32634,3969.56,1.32634,0.88756,0.641798,1.5532,46.0511,0.676576,39.6855,0.846248,0.112511,48.8703,0.133298,229.08,6792.01,RSES59 z2.9a,RSES59 z2.9,3,39,15
RSES59 z2.9a R,938.275,0,NaN,NaN,NaN,3370.22,475728,6.62894,NaN,1.85211,46.8762,1.15799,8.754,10.3103,14.3439,53.7951,18.0609,196.7,71.1744,330.473,65.9819,535.248,106.88,12822.5,1.93568,NaN,2625.72,1646.12,2184.53,1.62636e+06,4001.31,1.5075,4001.27,1.5075,4004.2,0.505971,4004.22,0.505963,4003.23,0.619795,4003.23,0.619795,0.83965,0.0736132,1.04762,482.117,0.753536,401.981,0.860237,0.0505696,50.5517,0.062248,5.69319,2620.03,RSES59 z2.9a,RSES59 z2.9,4,39,15
RSES59 z2.9b L1,1543.61,0,NaN,NaN,NaN,10781.5,375359,19.0098,NaN,39.5614,2042.84,68.9971,463.326,320.292,82.0898,639.842,153.784,1073.1,240.873,808.76,149.66,1176.63,203.592,10458.8,4.84391,NaN,55164.1,89976.8,403609,708994,669.44,0.493848,669.349,0.49393,3457.09,1.7347,3457.31,1.73425,1728.81,1.39177,1728.81,1.39177,0.829914,80.6396,12.1492,194.787,0.222931,1514.05,0.109431,0.077667,4.48829,0.167608,3238.68,51925.5,RSES59 z2.9b,RSES59 z2.9,1,40,15
RSES59 z2.9b L2,2162.28,0,NaN,NaN,NaN,4402.67,461314,4.51326,NaN,19.9992,83.3596,27.1339,170.255,105.436,51.4766,213.372,52.0824,389.433,98.4417,382.29,78.5783,543.649,107.66,12074.2,2.87254,NaN,38907.5,13633.2,39024.1,292330,3620.1,1.78839,3620.04,1.78845,3795.97,1.11289,3796,1.11284,3734.18,1.10937,3734.18,1.10937,0.782998,4.63526,3.6127,70.5136,0.349354,74.3485,0.753419,0.0645644,38.5517,0.11209,1896.24,37011.3,RSES59 z2.9b,RSES59 z2.9,2,40,15
RSES59 z2.9b L3,3273.84,0,NaN,NaN,NaN,4089.53,468497,4.80846,NaN,9.5163,64.5348,20.0555,117.252,62.4428,62.2248,134.721,39.566,294.754,92.2494,372.045,92.7441,546.43,124.768,12345.2,2.32667,NaN,13476,5622.61,11828.8,118315,3860.38,4.29895,3860.33,4.29903,3889.03,1.30277,3889.06,1.30271,3879.26,1.832,3879.26,1.832,0.887199,0.738708,1.47651,23.2133,0.475332,21.6719,0.820009,0.148013,44.6266,0.184467,805.901,12670.1,RSES59 z2.9b,RSES59 z2.9,3,40,15
RSES59 z2.9b R,1068.5,0,NaN,NaN,NaN,2385.2,478355,3.48301,NaN,0.379092,31.6015,1.24732,8.96193,7.58538,20.6679,39.7063,12.9957,140.729,50.7297,234.838,49.3042,387.335,79.3616,12230.2,1.35837,NaN,1596.04,872.833,1376.44,982599,3962.35,1.37011,3962.31,1.37012,3974.76,0.544359,3974.79,0.544353,3970.6,0.611228,3970.6,0.611228,0.807904,0.314009,0.572958,161.448,0.634125,139.729,0.849027,0.0462871,48.9209,0.0614273,5.64409,1590.39,RSES59 z2.9b,RSES59 z2.9,4,40,15
RSES59 z2.9c L1,3959.73,0,NaN,NaN,NaN,8675.87,357164,18.3061,NaN,46.3597,2082.39,75.751,474.744,308.974,97.1411,550.446,132.61,910.003,201.776,713.252,150.858,1030.51,192.817,9747.34,6.47773,NaN,86625.5,109106,444644,120138,926.729,0.762487,926.643,0.762569,3475.61,1.8187,3475.77,1.81838,2034.65,1.55352,2034.65,1.55352,0.809133,73.3399,2.95818,45.9488,0.245379,251.037,0.154606,0.0883329,6.4174,0.17684,5239.61,81385.9,RSES59 z2.9c,RSES59 z2.9,1,41,15
RSES59 z2.9c L2,4144.86,0,NaN,NaN,NaN,2849.73,469258,310.261,NaN,237.57,434.018,35.3864,169.249,41.0929,40.0134,69.2785,19.3717,171.611,60.4943,268.359,80.3063,460.519,115.959,11717.2,5.4229,NaN,11770.2,4352.72,13071.5,117165,3238.67,3.78749,3238.61,3.78761,3778.01,2.02877,3778.05,2.02865,3580.72,2.25495,3580.72,2.25495,0.831136,14.2782,3.62869,35.9266,0.332993,43.9284,0.652681,0.148772,33.0037,0.228808,1079.77,10690.5,RSES59 z2.9c,RSES59 z2.9,2,41,15
RSES59 z2.9c L3,12017,0,NaN,NaN,NaN,2683.93,470631,6.04064,NaN,37.5412,97.2786,31.683,108.772,16.5814,88.1163,32.9803,20.7774,91.0556,59.8388,229.179,155.536,235.311,140.394,7948.07,3.70952,NaN,NaN,902.387,NaN,24468.9,NaN,NaN,NaN,NaN,NaN,NaN,NaN,NaN,NaN,NaN,NaN,NaN,NaN,NaN,NaN,NaN,NaN,NaN,NaN,NaN,NaN,NaN,NaN,NaN,RSES59 z2.9c,RSES59 z2.9,3,41,15
RSES59 z2.9c R,1067.35,0,NaN,NaN,NaN,3453.27,474967,5.44707,NaN,0.312797,71.9012,1.14045,8.89172,8.77191,18.2853,54.5147,18.093,201.084,72.9082,335.703,69.7006,559.741,111.689,13070.6,2.49395,NaN,3083.43,1872.49,2641.02,765890,3941.73,3.28833,3941.69,3.28835,3990.34,0.608848,3990.36,0.608843,3974.01,1.20617,3974.01,1.20617,0.942203,1.21974,0.141815,60.457,0.709004,51.9041,0.843123,0.111512,49.0889,0.12121,7.21591,3076.21,RSES59 z2.9c,RSES59 z2.9,4,41,15
RSES59 z2.9d L1,9856.74,0,NaN,NaN,NaN,5711.63,445865,12.3902,NaN,32.2348,812.746,64.1657,358.65,156.007,153.662,280.112,69.3621,441.04,128.52,443.674,165.835,577.737,171.219,8561.63,4.63186,NaN,14461.6,21683.8,53220.1,34267,841.387,3.30005,841.305,3.30131,3634.54,12.1385,3634.7,12.1354,2034.52,9.90002,2034.52,9.90001,0.865867,76.8535,3.08874,5.59185,0.407436,31.9454,0.139421,0.418369,6.41644,1.12696,5145.75,9315.85,RSES59 z2.9d,RSES59 z2.9,1,42,15
RSES59 z2.9d L2,9508.89,0,NaN,NaN,NaN,3050.32,471652,6.75266,NaN,12.7184,66.9959,25.5466,100.558,15.6098,106.597,38.8873,21.905,136.828,71.6623,275.066,150.864,309.341,142.977,8660.56,3.51358,NaN,NaN,1159.26,NaN,27104,NaN,NaN,NaN,NaN,NaN,NaN,NaN,NaN,NaN,NaN,NaN,NaN,NaN,NaN,NaN,NaN,NaN,NaN,NaN,NaN,NaN,NaN,NaN,NaN,RSES59 z2.9d,RSES59 z2.9,2,42,15
RSES59 z2.9d L3,4479.64,0,NaN,NaN,NaN,3173.97,472109,11.1555,NaN,34.3968,128.105,19.17,76.4497,16.5924,44.7756,43.8197,18.308,167.708,67.8548,295.497,108.192,463.312,136,11897.2,4.82238,NaN,NaN,2432.37,NaN,58112.3,NaN,NaN,NaN,NaN,NaN,NaN,NaN,NaN,NaN,NaN,NaN,NaN,NaN,NaN,NaN,NaN,NaN,NaN,NaN,NaN,NaN,NaN,NaN,NaN,RSES59 z2.9d,RSES59 z2.9,3,42,15
RSES59 z2.9d R,10607,0,NaN,NaN,NaN,2364.96,473945,7.8831,NaN,28.4653,59.0092,11.9134,72.266,9.78417,89.5023,12.978,19.8979,61.1384,53.0272,185.443,176.064,138.55,142.834,6726.21,4.30909,NaN,NaN,628.012,NaN,19567.9,NaN,NaN,NaN,NaN,NaN,NaN,NaN,NaN,NaN,NaN,NaN,NaN,NaN,NaN,NaN,NaN,NaN,NaN,NaN,NaN,NaN,NaN,NaN,NaN,RSES59 z2.9d,RSES59 z2.9,4,42,15
RSES58 z3.4a L3,1068.83,0,NaN,NaN,NaN,4980.93,474927,0,NaN,5.35855,52.1621,7.24669,34.7277,27.9221,50.0798,98.0892,32.3454,283.286,110.565,449.007,126.958,641.903,167.892,9253.74,2.28812,NaN,9824.34,3484.2,8972.87,84324.2,3764.79,2.865,3764.74,2.86506,3995.94,1.02016,3995.97,1.02011,3917.06,1.31266,3917.06,1.31266,0.862256,5.78673,2.23279,43.1816,0.388304,41.4784,0.79322,0.100472,46.3569,0.132066,483.012,9341.32,RSES58 z3.4a,RSES58 z3.4,3,25,12
RSES58 z3.4a R,682.605,0,NaN,NaN,NaN,6156.03,476282,2.99838,NaN,0.498432,17.6765,0.865117,11.3306,19.6978,25.5119,117.455,37.0657,382.605,128.19,544.708,104.209,804.185,155.523,8493.25,1.23115,NaN,NaN,1989.68,NaN,1.52851e+06,NaN,NaN,NaN,NaN,NaN,NaN,NaN,NaN,NaN,NaN,NaN,NaN,NaN,NaN,NaN,NaN,NaN,NaN,NaN,NaN,NaN,NaN,NaN,NaN,RSES58 z3.4a,RSES58 z3.4,4,25,12
RSES58 z3.4b L3,1043.11,0,NaN,NaN,NaN,5021.84,475067,0.337197,NaN,7.322,33.2117,8.69268,59.2154,35.2262,92.5191,121.334,37.9238,317.57,113.079,428.376,113.872,644.029,154.563,9453.79,2.49614,NaN,8163.86,3053.69,6769.53,113263,3939.11,3.44555,3939.06,3.44565,3999.98,1.38728,4000,1.3872,3979.53,1.67766,3979.53,1.67766,0.849285,1.52359,3.61809,45.6518,0.451093,40.8549,0.842372,0.1169,49.3623,0.168571,599.506,7564.36,RSES58 z3.4b,RSES58 z3.4,3,26,12
RSES58 z3.4b R,717.644,0,NaN,NaN,NaN,5464.37,477451,2.64202,NaN,0.505049,14.8756,1.08114,13.7395,20.2959,31.3296,107.45,32.9323,337.32,115.485,489.039,93.6608,718.5,140.297,8556.51,1.1984,NaN,3535.85,1658.97,2994.08,1.0194e+06,4017.13,1.92703,4017.08,1.92704,4050.43,1.01243,4050.45,1.01243,4039.36,1.03176,4039.36,1.03176,0.768863,0.823942,1.11951,371.861,0.554082,315.832,0.864806,0.0644592,52.419,0.103552,10.613,3525.24,RSES58 z3.4b,RSES58 z3.4,4,26,12
RSES58 z3.4c L3,2721.66,0,NaN,NaN,NaN,3989.8,477984,0,NaN,4.27158,32.8747,7.32271,47.0746,14.9941,180.743,69.7498,26.6368,204.319,92.8125,357.408,137.185,494.278,157.264,7889.49,2.73149,NaN,3303.38,1298.57,2189.89,51207.3,4021.94,9.5886,4021.9,9.58899,4059.27,4.18615,4059.29,4.18589,4046.88,5.01829,4046.88,5.01829,0.859249,0.921223,3.08134,11.4537,0.592985,9.63563,0.866199,0.320462,52.8158,0.503584,700.296,2603.09,RSES58 z3.4c,RSES58 z3.4,3,27,12
RSES58 z3.4c R,759.1,0,NaN,NaN,NaN,6688.31,475605,2.11552,NaN,0.647815,18.5403,1.68702,17.1468,23.0733,42.5196,132.299,40.7229,408.056,141.848,587.5,119.785,854.57,174.336,8270.34,1.39348,NaN,3888.04,2050.45,3160.37,294010,4068.21,1.78765,4068.16,1.78766,4091.55,0.525013,4091.57,0.525007,4083.85,0.698705,4083.85,0.698705,0.863926,0.572106,0.524879,122.957,0.648799,100.371,0.879641,0.0592563,54.8114,0.0700674,16.5268,3871.51,RSES58 z3.4c,RSES58 z3.4,4,27,12
RSES58 z3.4d L3,871.032,0,NaN,NaN,NaN,5842.65,474369,0,NaN,7.46591,65.5671,9.47839,45.3525,31.1304,99.4467,104.487,39.2612,332.938,131.287,514.825,162.265,748.927,204.679,8205.76,2.75817,NaN,8028.5,3929.9,6648.12,55207.7,3790.82,4.43213,3790.77,4.43224,4090.63,1.49336,4090.65,1.49327,3989.27,2.03657,3989.27,2.03657,0.880032,7.33101,2.87921,31.3765,0.59113,28.366,0.800475,0.154644,49.8476,0.204596,674.798,7353.7,RSES58 z3.4d,RSES58 z3.4,3,28,12
RSES58 z3.4d R,583.358,0,NaN,NaN,NaN,9276.65,470208,2.52858,NaN,1.50185,30.9328,3.17079,26.7675,33.1855,39.2876,190.426,59.4074,583.147,198.362,822.305,161.287,1155.87,228.619,8354.92,1.63673,NaN,7533.01,3967.8,6199.41,246374,4017.07,6.45305,4017.03,6.4531,4111.49,0.553066,4111.51,0.553061,4080.25,2.18976,4080.25,2.18976,0.98552,2.29794,0.96537,155.022,0.640029,128.372,0.86479,0.215857,54.614,0.219607,46.6201,7486.39,RSES58 z3.4d,RSES58 z3.4,4,28,12
RSES58 z3.4e L3,2052.65,0,NaN,NaN,NaN,4447.44,477045,3.9509,NaN,3.65606,25.3405,4.91048,28.5408,20.0225,37.2682,90.131,31.0711,253.528,99.8072,401.914,117.857,595.97,149.829,8521.8,2.13359,NaN,5875.5,1902.05,3560.72,92523.7,3927.81,10.9944,3927.76,10.9953,3994.24,7.51331,3994.26,7.51283,3971.9,7.81367,3971.9,7.81366,0.858478,1.66501,14.7909,31.9148,0.534176,28.305,0.839146,0.373793,48.985,0.785238,1860.67,4014.83,RSES58 z3.4e,RSES58 z3.4,3,29,12
RSES58 z3.4e R,435.302,0,NaN,NaN,NaN,3590.01,480591,3.25283,NaN,0.788363,14.9303,1.51269,11.2579,11.2601,25.7134,66.4235,20.5107,210.031,76.9306,329.006,80.0774,519.018,117.424,8640.94,1.42435,NaN,3132.31,1183.68,2751.58,224607,3979.1,1.46204,3979.05,1.46205,4011.75,0.571584,4011.77,0.57158,4000.83,0.61843,4000.83,0.61843,0.787807,0.815633,0.47084,71.6144,0.430183,63.3233,0.853838,0.0492423,50.4299,0.0621138,20.4593,3111.85,RSES58 z3.4e,RSES58 z3.4,4,29,12
RSES58 z4.19a L3,506.266,0,NaN,NaN,NaN,2969.54,478782,7.41173,NaN,1.80173,45.4262,3.04207,15.2824,11.2579,35.6742,51.8556,16.811,158.996,63.0604,265.153,81.2711,413.621,104.36,10409.7,3.02311,NaN,3563.07,1923.42,3374.74,130764,3657.22,5.60044,3657.17,5.60051,3744.77,1.45014,3744.8,1.45007,3714,2.33332,3714,2.33332,0.916908,2.34007,2.98318,45.6364,0.569948,46.0498,0.763545,0.200658,37.7734,0.235881,218.621,3344.45,RSES58 z4.19a,RSES58 z4.19,3,30,13
RSES58 z4.19a R,384.244,0,NaN,NaN,NaN,2383.19,481114,5.93319,NaN,2.93974,27.4831,1.61962,9.44589,7.89627,27.1104,43.5735,13.9206,137.269,49.8843,210.917,52.1876,333.537,73.7489,9784.39,1.91425,NaN,2495.64,1285.49,2295.73,304713,3831.9,4.21698,3831.85,4.21702,3893.3,0.842565,3893.32,0.842567,3872.31,1.66881,3872.31,1.66881,0.946064,1.57891,3.28725,349.871,0.55995,324.869,0.811986,0.145979,44.3153,0.168061,23.2298,2472.41,RSES58 z4.19a,RSES58 z4.19,4,30,13
RSES58 z4.19b L3,140.147,14.3295,NaN,NaN,NaN,2459.43,480077,6.64476,NaN,8.73014,49.6824,6.13573,23.5796,12.2824,46.8472,39.3431,15.457,123.771,55.747,235.675,86.5077,339.222,100.235,10527.1,2.9885,NaN,3459.62,1440.93,3154.93,90619.4,3765.03,3.25335,3764.98,3.25342,3889.11,1.28319,3889.14,1.28314,3846.42,1.53957,3846.42,1.53957,0.842356,3.19258,1.78127,29.1349,0.456724,28.1934,0.793286,0.114086,43.1746,0.155136,199.33,3260.29,RSES58 z4.19b,RSES58 z4.19,3,31,13
RSES58 z4.19b R,597.259,0,NaN,NaN,NaN,2300.39,480707,5.45714,NaN,0.180597,25.5877,0.428011,7.15466,7.04669,23.7357,39.0516,12.6079,132.158,47.0212,203.295,44.1176,329.175,68.4939,10239.1,1.87666,NaN,2773.51,1189.33,2460.84,1.02442e+06,3936.65,1.72607,3936.6,1.72609,3988.9,0.560763,3988.92,0.560759,3971.33,0.736893,3971.33,0.736893,0.865669,1.31165,1.78467,293.681,0.4833,262.158,0.841671,0.0585883,48.9573,0.0740553,16.7525,2756.75,RSES58 z4.19b,RSES58 z4.19,4,31,13
RSES58 z4.19c L3,834.1,0,NaN,NaN,NaN,2223.91,480281,7.53555,NaN,4.8604,36.3757,5.43411,30.8577,10.5072,79.5004,39.8888,14.4845,102.533,53.7287,204.317,85.9015,288.604,98.2201,10046.3,3.61629,NaN,2984.72,1349.77,2652.26,76945.1,3660.52,30.1128,3660.47,30.113,3754.41,3.11753,3754.44,3.11738,3721.45,10.9933,3721.45,10.9933,0.982865,2.50278,2.8687,19.8305,0.508912,20.1708,0.764449,1.07818,38.0588,1.11113,377.206,2607.52,RSES58 z4.19c,RSES58 z4.19,3,32,13
RSES58 z4.19c R,0,22.8267,NaN,NaN,NaN,2080.31,481152,6.96829,NaN,0.962965,29.0149,2.36881,12.8802,8.1141,36.0157,30.5467,12.356,108.315,46.5514,194.145,68.6428,290.167,84.5053,10416.6,3.01892,NaN,2813.31,1276.71,2647.34,122073,3805.39,2.17505,3805.34,2.17507,3866.44,0.797417,3866.47,0.797411,3845.48,0.95038,3845.48,0.95038,0.83484,1.581,1.09272,80.0508,0.482263,76.3567,0.80455,0.0756775,43.1336,0.0957681,37.8853,2775.42,RSES58 z4.19c,RSES58 z4.19,4,32,13
RSES58 z4.19d L3,3179.77,198.188,NaN,NaN,NaN,2133.76,480909,8.70649,NaN,12.6198,48.0246,19.7517,60.5518,14.3333,36.7942,30.4727,20.7705,54.3924,74.4451,194.437,203.746,173.4,175.913,7201.12,6.27515,NaN,NaN,597.297,NaN,21420.4,NaN,NaN,NaN,NaN,NaN,NaN,NaN,NaN,NaN,NaN,NaN,NaN,NaN,NaN,NaN,NaN,NaN,NaN,NaN,NaN,NaN,NaN,NaN,NaN,RSES58 z4.19d,RSES58 z4.19,3,33,13
RSES58 z4.19d R,0,490.034,NaN,NaN,NaN,2148.82,483799,8.47039,NaN,7.81702,47.0888,16.6608,17.5708,15.7041,19.6009,29.9847,20.931,59.5727,76.3968,196.779,205.319,173.095,177.411,7250.21,5.0169,NaN,NaN,601.024,NaN,21256.2,NaN,NaN,NaN,NaN,NaN,NaN,NaN,NaN,NaN,NaN,NaN,NaN,NaN,NaN,NaN,NaN,NaN,NaN,NaN,NaN,NaN,NaN,NaN,NaN,RSES58 z4.19d,RSES58 z4.19,4,33,13
RSES58 z4.19e L3,0,564.956,NaN,NaN,NaN,2151.01,483679,9.03313,NaN,11.5773,52.775,13.8415,37.9765,16.2456,2.96436,32.1878,20.9373,54.1054,74.9493,198.122,206.128,174.022,177.582,7248.47,4.99507,NaN,NaN,623.38,NaN,21249.8,NaN,NaN,NaN,NaN,NaN,NaN,NaN,NaN,NaN,NaN,NaN,NaN,NaN,NaN,NaN,NaN,NaN,NaN,NaN,NaN,NaN,NaN,NaN,NaN,RSES58 z4.19e,RSES58 z4.19,3,34,13
RSES58 z4.19e R,0,683.474,NaN,NaN,NaN,2154.88,483490,8.04252,NaN,23.8944,76.1825,16.528,51.1691,20.8872,0,32.1468,21.4933,55.4584,75.8095,199.128,205.236,175.583,177.099,7239.26,4.61571,NaN,NaN,621.722,NaN,21276.9,NaN,NaN,NaN,NaN,NaN,NaN,NaN,NaN,NaN,NaN,NaN,NaN,NaN,NaN,NaN,NaN,NaN,NaN,NaN,NaN,NaN,NaN,NaN,NaN,RSES58 z4.19e,RSES58 z4.19,4,34,13
RSES58 z6.10a L3,29.9636,28.9575,NaN,NaN,NaN,2162.86,482275,2.48267,NaN,3.57818,22.8808,2.55374,15.744,12.2957,17.4547,48.5505,14.6656,128.587,48.2319,192.817,54.8712,310.334,77.6245,9608.16,1.17639,NaN,2236.31,865.168,1711.79,202382,4075.8,3.44376,4075.75,3.44388,4080.58,1.50644,4080.6,1.50636,4079,1.77094,4079,1.77094,0.846753,0.118988,4.25558,46.8414,0.505416,39.1124,0.881855,0.114,54.5456,0.177608,186.25,2050.06,RSES58 z6.10a,RSES58 z6.10,3,35,14
RSES58 z6.10a R,539.889,0,NaN,NaN,NaN,2608.58,481855,1.91768,NaN,0.379504,7.86291,0.364642,5.85015,11.1557,20.0832,58.0188,17.9501,172.897,57.0183,243.861,47.222,388.838,79.0232,9160.38,0.715235,NaN,1578.53,712.023,1283.11,2.43619e+06,4110.01,8.65596,4109.96,8.65603,4113.92,0.52872,4113.94,0.528716,4112.64,2.87004,4112.64,2.87004,0.992312,0.096819,0.783466,576.173,0.554918,468.98,0.891868,0.284831,56.4164,0.287666,2.14354,1576.39,RSES58 z6.10a,RSES58 z6.10,4,35,14
RSES58 z6.10b L3,974.353,115.994,NaN,NaN,NaN,2151.9,482812,10.4065,NaN,9.022,46.7021,14.9059,72.7067,14.2829,325.854,31.0578,20.9052,58.7007,75.9371,197.4,207.322,175.514,176.633,7250.21,4.75328,NaN,NaN,624.549,NaN,21495.9,NaN,NaN,NaN,NaN,NaN,NaN,NaN,NaN,NaN,NaN,NaN,NaN,NaN,NaN,NaN,NaN,NaN,NaN,NaN,NaN,NaN,NaN,NaN,NaN,RSES58 z6.10b,RSES58 z6.10,3,36,14
RSES58 z6.10b R,0,276.563,NaN,NaN,NaN,2143.34,483860,7.5084,NaN,6.9954,43.1383,11.5191,49.7839,16.1127,163.646,28.2148,21.1028,52.4888,75.2472,195.848,208.02,174.127,177.427,7249.51,4.75687,NaN,NaN,616.435,NaN,21271.1,NaN,NaN,NaN,NaN,NaN,NaN,NaN,NaN,NaN,NaN,NaN,NaN,NaN,NaN,NaN,NaN,NaN,NaN,NaN,NaN,NaN,NaN,NaN,NaN,RSES58 z6.10b,RSES58 z6.10,4,36,14
RSES100 z1.11a L1,0,0,260.714,6065.19,241.01,2576.92,462916,7.379,126.683,29.8659,206.962,24.2839,92.4283,43.1926,0,81.169,33.4917,158.903,62.8646,232.931,119.527,309.298,125.363,8786.49,3.64179,NaN,26112.5,13060.7,37885.1,31189.1,2083,6.51974,2082.93,6.52048,3937.02,6.69129,3937.08,6.69048,3158.34,6.87414,3158.34,6.87414,0.842838,47.0945,1.96433,4.98868,0.344746,10.0877,0.381439,0.366285,21.432,0.708588,7377.17,18735.3,RSES100 z1.11a,RSES100 z1.11,1,1,1
RSES100 z1.11a L2,0,0,511.325,16240.4,648.883,2104.88,465428,6.33364,294.583,66.7637,126.152,36.2196,101.804,21.6057,0,30.9553,31.1472,76.1682,63.309,190.749,168.979,190.982,159.191,8079.66,4.00308,NaN,NaN,651.186,NaN,18090.1,NaN,NaN,NaN,NaN,NaN,NaN,NaN,NaN,NaN,NaN,NaN,NaN,NaN,NaN,NaN,NaN,NaN,NaN,NaN,NaN,NaN,NaN,NaN,NaN,RSES100 z1.11a,RSES100 z1.11,2,1,1
RSES100 z1.11a R,0,164.276,140.473,15999.8,156.459,2087.79,466821,7.89786,152.402,30.5974,64.708,22.8766,58.5804,19.7991,0,20.8885,30.3659,76.5003,58.7438,185.627,168.66,186.689,158.556,8017.15,5.2017,NaN,NaN,641.415,NaN,18212.5,NaN,NaN,NaN,NaN,NaN,NaN,NaN,NaN,NaN,NaN,NaN,NaN,NaN,NaN,NaN,NaN,NaN,NaN,NaN,NaN,NaN,NaN,NaN,NaN,RSES100 z1.11a,RSES100 z1.11,4,1,1
RSES100 z1.11b L1,0,0,141.683,4305.26,155.229,3537.09,436616,11.352,34.582,62.9893,680.288,49.2436,228.791,116.086,0,192.912,52.0362,337.596,84.0794,304.764,100.273,413.334,114.101,8840.33,4.92345,NaN,39137.1,39343.2,101533,54703.1,1398.66,2.44671,1398.58,2.44718,3868.11,4.18778,3868.2,4.18706,2680,4.00098,2680,4.00097,0.852283,63.844,4.70095,20.5838,0.387492,65.5959,0.242303,0.194595,13.0047,0.424336,7276.39,31860.7,RSES100 z1.11b,RSES100 z1.11,1,2,1
RSES100 z1.11b L2,0,0,402.773,5473.92,176.049,2251.05,475746,4.62831,80.3416,28.9667,83.8422,16.2786,51.1881,20.0629,0,53.0353,17.0051,125.725,53.2636,195.779,71.5485,306.357,92.1372,9379.27,4.21321,NaN,NaN,1147.24,NaN,71694.5,NaN,NaN,NaN,NaN,NaN,NaN,NaN,NaN,NaN,NaN,NaN,NaN,NaN,NaN,NaN,NaN,NaN,NaN,NaN,NaN,NaN,NaN,NaN,NaN,RSES100 z1.11b,RSES100 z1.11,2,2,1
RSES100 z1.11b R,597.753,0,1.0435,540.963,3.06007,2073.06,480830,3.58877,1.7821,0.688098,35.5679,0.487924,5.98483,6.82862,11.1606,37.0688,11.9799,121.453,42.7988,192.065,38.6591,309.551,64.3077,10031.7,1.06574,NaN,2748.46,1013.11,2345.3,1.07043e+06,4035.11,1.15052,4035.06,1.15053,4052.47,0.532079,4052.5,0.532076,4046.71,0.557156,4046.71,0.557156,0.77465,0.430211,3.5488,390.024,0.431975,335.842,0.870015,0.0383613,52.8071,0.0559106,24.7825,2723.67,RSES100 z1.11b,RSES100 z1.11,4,2,1
RSES100 z1.11c L1,0,0,70.2266,1283.44,79.7585,4344.79,409900,13.8483,54.3687,117.311,1021.25,73.0227,395.573,188.608,31.3851,302.601,71.39,446.035,105.095,368.319,94.1224,497.585,108.341,8288.28,4.6734,NaN,67265.2,67955,308193,75035.8,740.462,2.27372,740.373,2.27472,3870.93,7.57671,3871.13,7.57413,2052,6.61824,2052,6.61823,0.85475,80.8745,6.72565,15.6739,0.220495,102.629,0.121721,0.325041,6.54519,0.751381,20196.9,47068.3,RSES100 z1.11c,RSES100 z1.11,1,3,1
RSES100 z1.11c L2,0,0,0,2358.27,93.2139,1395.85,479394,4.15707,57.3027,16.5856,48.4678,24.9424,90.9007,18.805,0,30.2604,13.9565,76.91,33.3846,124.644,65.6253,190.986,76.1845,9688.27,2.76569,NaN,NaN,1926.05,NaN,58106.3,NaN,NaN,NaN,NaN,NaN,NaN,NaN,NaN,NaN,NaN,NaN,NaN,NaN,NaN,NaN,NaN,NaN,NaN,NaN,NaN,NaN,NaN,NaN,NaN,RSES100 z1.11c,RSES100 z1.11,2,3,1
RSES100 z1.11c R,0,0,1074.4,32043.8,147.612,2079.38,450006,12.7069,154.019,60.3844,188.566,36.003,115.871,32.4821,0,33.8057,32.0056,88.2073,60.7286,187.93,161.987,186.501,157.169,7801.37,4.97688,NaN,NaN,640.403,NaN,18736.2,NaN,NaN,NaN,NaN,NaN,NaN,NaN,NaN,NaN,NaN,NaN,NaN,NaN,NaN,NaN,NaN,NaN,NaN,NaN,NaN,NaN,NaN,NaN,NaN,RSES100 z1.11c,RSES100 z1.11,4,3,1
RSES100 z1.12a L1,0,0,426.337,11676.2,256.526,2316.87,467581,95.7312,422.938,281.589,671.598,96.9919,281.493,63.6929,0,60.4041,35.7382,92.4424,65.4743,204.289,169.51,205.755,165.015,8127.61,21.7608,NaN,NaN,1974.64,NaN,18097.8,NaN,NaN,NaN,NaN,NaN,NaN,NaN,NaN,NaN,NaN,NaN,NaN,NaN,NaN,NaN,NaN,NaN,NaN,NaN,NaN,NaN,NaN,NaN,NaN,RSES100 z1.12a,RSES100 z1.12,1,5,2
RSES100 z1.12a L2,2058.67,0,442.574,28371.2,9530.89,2048.49,438659,7.26334,3530.52,688.897,412.233,70.4441,155.544,44.533,56.9734,39.5363,32.2472,81.0558,58.0037,178.956,160.695,185.576,152.917,7585.34,4.1468,NaN,NaN,635.001,NaN,19257.3,NaN,NaN,NaN,NaN,NaN,NaN,NaN,NaN,NaN,NaN,NaN,NaN,NaN,NaN,NaN,NaN,NaN,NaN,NaN,NaN,NaN,NaN,NaN,NaN,RSES100 z1.12a,RSES100 z1.12,2,5,2
RSES100 z1.12a R,0,0,0,11648.2,219.976,2163.19,471030,17.4782,114.163,36.6765,122.126,12.7341,6.10351,20.8906,0,31.3221,32.9867,82.0922,65.6682,193.037,167.652,193.342,164.49,8168.73,5.38218,NaN,NaN,736.721,NaN,17878.2,NaN,NaN,NaN,NaN,NaN,NaN,NaN,NaN,NaN,NaN,NaN,NaN,NaN,NaN,NaN,NaN,NaN,NaN,NaN,NaN,NaN,NaN,NaN,NaN,RSES100 z1.12a,RSES100 z1.12,4,5,2
RSES100 z1.12b L1,628.568,0,15.4543,8085.62,289.579,2138.84,473833,7.15425,212.14,37.6157,69.8378,29.1759,50.4989,19.3947,0,25.7665,32.9487,82.218,66.065,194.171,174.245,194.185,165.274,8225.19,7.07041,NaN,NaN,628.205,NaN,17748.3,NaN,NaN,NaN,NaN,NaN,NaN,NaN,NaN,NaN,NaN,NaN,NaN,NaN,NaN,NaN,NaN,NaN,NaN,NaN,NaN,NaN,NaN,NaN,NaN,RSES100 z1.12b,RSES100 z1.12,1,6,2
RSES100 z1.12b L2,0,0,2933.88,93540.9,430.148,2052.02,387592,5.13481,156.94,46.9711,106.474,23.7739,88.7394,54.3792,0,52.0493,30.266,102.357,60.1021,179.944,144.363,188.348,138.029,6721.95,3.57401,NaN,2332.47,679.491,1719.28,21927.2,3865.32,7.88703,3865.27,7.88745,3949.27,4.51991,3949.3,4.51964,3920.78,4.8869,3920.78,4.88689,0.841499,2.12752,4.96123,18.4921,0.395217,17.2877,0.821406,0.271296,46.531,0.491629,493.4,1839.07,RSES100 z1.12b,RSES100 z1.12,2,6,2
RSES100 z1.12b R,0,141.26,0,10095.3,52.5477,2138.53,472561,4.41134,138.416,22.1816,46.7492,18.0893,15.0929,15.9807,0,22.3897,306.02,77.6563,65.754,193.461,171.182,195.986,164.357,8184.49,5.04946,NaN,NaN,619.336,NaN,17877.5,NaN,NaN,NaN,NaN,NaN,NaN,NaN,NaN,NaN,NaN,NaN,NaN,NaN,NaN,NaN,NaN,NaN,NaN,NaN,NaN,NaN,NaN,NaN,NaN,RSES100 z1.12b,RSES100 z1.12,4,6,2
RSES100 z1.18 L1,437.061,0,61.4126,222.109,15.9928,4554.13,445310,25.8926,19.7294,40.0361,899.947,65.6899,351.061,182.973,43.7332,447.797,65.0671,417.652,94.7125,329.48,66.4182,489.661,94.7447,9186.87,4.12494,NaN,26128.7,32533,102558,338487,1116.23,0.806131,1116.15,0.806256,3756.2,1.66838,3756.32,1.66808,2380.09,1.55538,2380.09,1.55538,0.856308,70.286,11.1995,150.433,0.317217,634.422,0.189052,0.0786516,9.4232,0.169437,1810.45,24318.3,RSES100 z1.18,RSES100 z1.18,1,7,3
RSES100 z1.18 L2,1560.66,0,6.60032,798.93,30.5585,3772.38,473243,3.14968,12.5782,23.2049,110.129,35.7569,191.961,105.568,25.9844,183.035,43.9778,312.041,82.2226,308.202,64.018,430.377,89.4884,9645.54,0.97014,NaN,15235.5,4845.28,12745.8,265347,3977.16,2.07084,3977.11,2.07094,3994.82,1.21265,3994.84,1.21259,3988.91,1.28075,3988.91,1.28075,0.827002,0.443841,7.65994,109.481,0.380149,97.9983,0.853281,0.0697713,49.8294,0.128666,996.259,14239.2,RSES100 z1.18,RSES100 z1.18,2,7,3
RSES100 z1.18 R,864.663,0,0,86.5758,1.52079,1731.16,481768,2.83268,3.66718,0.590479,32.3309,0.207798,4.56789,6.84117,12.7018,29.9561,9.92578,99.064,36.4688,160.376,33.802,270.123,56.2483,9732.86,0.763889,NaN,2906.23,1026.5,2479.26,1.34861e+06,4058.31,1.04257,4058.26,1.04258,4068.48,0.507242,4068.51,0.507239,4065.12,0.503188,4065.12,0.503188,0.73987,0.251943,1.20289,749.495,0.414037,640.408,0.876756,0.0346192,53.7913,0.0504777,4.65682,2901.57,RSES100 z1.18,RSES100 z1.18,4,7,3
RSES100 z3.2a L1,22220.5,0,0,11515.7,193.828,2027.06,449738,5.52076,158.323,28.3364,66.2753,21.3766,61.0162,18.0013,7.24763,22.868,31.3715,79.8286,61.9319,185.299,166.015,183.271,154.948,7777.98,4.00321,NaN,NaN,614.479,NaN,18956.8,NaN,NaN,NaN,NaN,NaN,NaN,NaN,NaN,NaN,NaN,NaN,NaN,NaN,NaN,NaN,NaN,NaN,NaN,NaN,NaN,NaN,NaN,NaN,NaN,RSES100 z3.2a,RSES100 z3.2,1,14,8
RSES100 z3.2a L2,18560.8,0,0,13235.2,111.882,2025.66,451743,7.29608,108.645,23.8383,60.9687,23.0822,52.8502,21.8087,0,19.4208,31.5191,80.6814,58.7136,186.833,162.875,182.654,157.383,7823.67,4.88174,NaN,NaN,588.409,NaN,18695,NaN,NaN,NaN,NaN,NaN,NaN,NaN,NaN,NaN,NaN,NaN,NaN,NaN,NaN,NaN,NaN,NaN,NaN,NaN,NaN,NaN,NaN,NaN,NaN,RSES100 z3.2a,RSES100 z3.2,2,14,8
RSES100 z3.2a R,17341,0,0,18541.1,40.0144,2011.43,448044,6.91085,44.3139,19.6775,40.6738,16.6705,0,15.6681,0,16.776,30.7823,74.806,60.4568,178.284,162.959,180.843,156.154,7766.01,4.95893,NaN,NaN,569.644,NaN,18804,NaN,NaN,NaN,NaN,NaN,NaN,NaN,NaN,NaN,NaN,NaN,NaN,NaN,NaN,NaN,NaN,NaN,NaN,NaN,NaN,NaN,NaN,NaN,NaN,RSES100 z3.2a,RSES100 z3.2,4,14,8
RSES100 z3.2b L1,1805.28,0,54.2107,838.153,22.6862,8137.9,384605,14.2703,25.9724,117.719,1690.29,74.878,391.521,236.669,48.6018,519.299,117.161,804.267,175.967,560.266,105.225,748.229,131.453,8181.89,3.3914,NaN,35893.7,86547.8,290831,297038,579.652,0.626365,579.563,0.626598,3215.05,4.00809,3215.31,4.00697,1482.43,2.64974,1482.43,2.64974,0.831822,81.9749,13.83,105.098,0.297588,963.625,0.0940851,0.11299,3.30582,0.339899,4174.01,31719.7,RSES100 z3.2b,RSES100 z3.2,1,15,8
RSES100 z3.2b L2,363.126,3.35719,0,2844.52,24.9391,5611.63,456067,3.34457,24.3712,60.5115,190.117,56.0373,282.957,144.511,23.5193,262.656,71.05,447.434,113.911,416.563,103.688,518.765,122.317,9717.89,1.41355,NaN,51300.8,18313,65018.2,78599.1,3126.84,4.03232,3126.78,4.03242,3293.58,2.6288,3293.62,2.62867,3229.31,2.57428,3229.31,2.57428,0.794543,5.06548,8.39103,90.0329,0.281659,124.742,0.624258,0.162753,23.056,0.264524,4373.59,46927.2,RSES100 z3.2b,RSES100 z3.2,2,15,8
RSES100 z3.2b R,415.641,0,0,187.771,3.24152,1410.03,481887,1.57603,2.93017,0.560864,29.7359,0.662162,6.85052,5.02629,14.8508,23.6001,7.68809,74.1665,27.5582,130.014,31.5014,247.319,57.6633,10336.7,0.477984,NaN,3182.26,1050.45,4104.4,565542,3273.73,0.902794,3273.67,0.90281,3310.02,0.709486,3310.06,0.70947,3296.28,0.60223,3296.28,0.60223,0.690448,1.09934,3.15521,185.127,0.255933,242.842,0.661693,0.0351694,24.6961,0.0617123,53.3277,3128.93,RSES100 z3.2b,RSES100 z3.2,4,15,8
RSES100 z2.18a L1,548.243,0,105.041,1025.65,16.3084,7206.87,420486,13.1308,15.9367,53.7126,1225.23,106.591,557.347,294.036,53.2047,457.658,103.749,727.432,164.621,550.127,101.362,757.49,132.103,9206.81,3.82189,NaN,NaN,52044.2,NaN,305629,NaN,NaN,NaN,NaN,NaN,NaN,NaN,NaN,NaN,NaN,NaN,NaN,NaN,NaN,NaN,NaN,NaN,NaN,NaN,NaN,NaN,NaN,NaN,NaN,RSES100 z2.18a,RSES100 z2.18,1,13,7
RSES100 z2.18a L2,0,0,32.4283,625.557,5.20244,5573.31,467594,3.45041,3.38566,16.2012,90.8947,42.2819,253.967,141.687,33.0333,277.245,62.9473,481.461,126.244,451.68,83.1632,578.45,111.605,10071.8,1.31356,NaN,NaN,9250.06,NaN,268096,NaN,NaN,NaN,NaN,NaN,NaN,NaN,NaN,NaN,NaN,NaN,NaN,NaN,NaN,NaN,NaN,NaN,NaN,NaN,NaN,NaN,NaN,NaN,NaN,RSES100 z2.18a,RSES100 z2.18,2,13,7
RSES100 z2.18a R,467.106,0,1.5434,41.7937,0.297925,2706.52,480648,3.1991,0.0622595,0.0629066,27.5981,0.664868,11.8276,16.9008,12.626,70.7695,19.5393,190.412,62.2006,250.059,46.1523,363.848,70.6114,9850.37,0.905998,NaN,NaN,1118.88,NaN,3.44956e+06,NaN,NaN,NaN,NaN,NaN,NaN,NaN,NaN,NaN,NaN,NaN,NaN,NaN,NaN,NaN,NaN,NaN,NaN,NaN,NaN,NaN,NaN,NaN,NaN,RSES100 z2.18a,RSES100 z2.18,4,13,7
RSES100 z6.13a L1,0,0,1547.48,62167.8,254.468,4748.62,359066,30.7601,233.059,94.3992,1180.14,82.2431,439.866,233.166,47.2893,359.342,86.4243,546,122.216,372.767,83.0995,519.827,103.111,8327.55,8.45037,NaN,NaN,55128.1,NaN,78769.6,NaN,NaN,NaN,NaN,NaN,NaN,NaN,NaN,NaN,NaN,NaN,NaN,NaN,NaN,NaN,NaN,NaN,NaN,NaN,NaN,NaN,NaN,NaN,NaN,RSES100 z6.13a,RSES100 z6.13,1,17,10
RSES100 z6.13a L2,0,0,425.141,7159.3,329.271,1936.87,472946,14.421,375.976,92.4195,123.332,72.4856,243.046,11.835,0,32.1101,17.0069,95.2196,45.9916,151.92,72.1683,186.917,96.3936,10106.1,3.39504,NaN,11383.2,957.463,4756.91,31264.5,3720.26,30.0995,3720.2,30.1023,3908.56,23.7966,3908.59,23.7951,3843.6,23.8597,3843.6,23.8597,0.861265,4.81984,15.7149,10.823,0.201278,11.0898,0.780875,1.06486,43.0519,2.40441,6740.78,4642.45,RSES100 z6.13a,RSES100 z6.13,2,17,10
RSES100 z6.13a R,0,0,39.8097,1681.13,9.99609,1508.83,480172,4.3551,5.00069,2.42097,20.6219,1.82565,12.4515,4.64085,0,18.9285,9.32404,65.2365,31.4064,129.325,39.5928,201.451,63.4267,11084.1,3.138,NaN,4382.15,748.791,3954.82,93731.1,3994,2.48224,3993.95,2.48226,4015.95,0.617149,4015.97,0.617148,4008.62,0.857045,4008.62,0.857045,0.881549,0.548407,0.654142,43.4129,0.189336,39.7699,0.858129,0.0833774,50.8259,0.0860668,65.0497,4317.1,RSES100 z6.13a,RSES100 z6.13,4,17,10
RSES100 z6.13b L1,0,0,164.877,1026.31,201.772,4885.34,397195,17.1866,49.7853,35.7315,1323.61,58.7323,308.714,202.526,30.7381,334.242,83.623,556.862,123.937,396.41,85.8001,579.605,106.978,9443.89,4.83117,NaN,73179.4,78603.3,336689,126896,898.74,1.02154,898.653,1.02186,3906.15,2.65742,3906.31,2.6567,2257.18,2.4467,2257.18,2.4467,0.860382,76.9948,8.82721,59.6723,0.23346,315.158,0.149603,0.121771,8.23488,0.270225,9430.29,63749.1,RSES100 z6.13b,RSES100 z6.13,1,18,10
RSES100 z6.13b L2,0,0,81.3363,2501.81,67.2843,3539.83,466217,6.72378,143.925,46.9009,120.801,45.7241,241.062,125.788,13.4592,232.322,56.1264,347.713,89.4897,284.88,66.1279,354.274,88.3681,10980.8,2.84177,NaN,52162.9,10177.5,44174.9,85349.6,3895.3,7.45237,3895.25,7.4525,3990.35,1.93124,3990.38,1.93113,3958.28,3.05995,3958.28,3.05995,0.911426,2.38412,4.69339,40.5267,0.230391,38.2953,0.829895,0.254905,48.3193,0.307596,5413.98,46748.9,RSES100 z6.13b,RSES100 z6.13,2,18,10
RSES100 z6.13b R,0,249.647,3902.73,19579.5,22.9695,2251.01,459517,48.9097,16.6911,6.76834,29.7072,34.6992,85.7833,12.2198,0,27.7471,23.4901,68.2346,57.5155,159.867,118.339,114.419,141.216,8148.34,6.06394,NaN,NaN,573.716,NaN,16195.4,NaN,NaN,NaN,NaN,NaN,NaN,NaN,NaN,NaN,NaN,NaN,NaN,NaN,NaN,NaN,NaN,NaN,NaN,NaN,NaN,NaN,NaN,NaN,NaN,RSES100 z6.13b,RSES100 z6.13,4,18,10
RSES100 z9.14b L1,0,0,537.886,10744.4,179.088,2743,468160,22.5163,428.75,78.256,114.164,31.651,105.29,22.5964,0,74.9006,26.062,142.509,63.1216,213.183,98.8392,262.833,135.458,9746.31,4.30694,NaN,NaN,1528.78,NaN,24760.1,NaN,NaN,NaN,NaN,NaN,NaN,NaN,NaN,NaN,NaN,NaN,NaN,NaN,NaN,NaN,NaN,NaN,NaN,NaN,NaN,NaN,NaN,NaN,NaN,RSES100 z9.14b,RSES100 z9.14,1,20,11
RSES100 z9.14b L2,0,32.3822,387.684,8529.86,55.5819,2683.77,471215,4.96106,108.584,24.8414,71.5655,20.6199,49.4301,21.522,0,50.1698,22.009,122.367,61.0841,211.377,94.7291,287.435,126.714,9802.68,3.96884,NaN,1797.56,1459.98,4215.09,27494.2,NaN,7.20785,NaN,7.20955,NaN,117.783,NaN,117.777,NaN,47.1831,NaN,47.183,0.780209,NaN,2.43128,2.43177,0.346369,11.4034,0.208624,0.64776,2.43234,6.55726,898.688,898.868,RSES100 z9.14b,RSES100 z9.14,2,20,11
RSES100 z9.14b R,0,17.7194,158.087,1749.62,66.9883,3846.11,475287,4.19509,38.1354,10.993,59.3721,4.62396,25.7621,19.5261,0,87.382,26.2057,219.106,85.2623,337.973,75.4623,511.271,120.184,10786.5,2.29226,NaN,1401.74,2294.72,6323.77,100617,NaN,2.17237,NaN,2.1724,NaN,2.71793,NaN,2.71781,NaN,1.71445,NaN,1.71445,0.813535,NaN,0.2589,15.2076,0.362873,69.775,0.212769,0.192081,2.41297,0.238823,23.4643,1378.28,RSES100 z9.14b,RSES100 z9.14,4,20,11
RSES100 z9.14c L1,609.236,0,117.765,163.801,17.9659,8595.76,331517,31.2862,18.7619,73.313,2046.47,139.707,736.708,453.823,92.4497,685.104,155.785,983.106,199.908,619.212,109.23,804.301,132.974,7560.92,9.90826,NaN,47731.9,140089,440755,373893,391.575,1.11859,391.484,1.11951,3634.72,8.59417,3635.09,8.58933,1377.35,5.99436,1377.35,5.99436,0.862529,89.2304,45.0674,112.198,0.317838,1452.18,0.0626259,0.294427,2.88251,0.795161,13678.5,34053.4,RSES100 z9.14c,RSES100 z9.14,1,22,11
RSES100 z9.14c L2,127.522,0,308.693,1097.75,48.64,5230.31,455097,7.45078,45.2026,67.4695,222.137,115.779,599.908,297.128,61.7318,441.855,98.0864,581.224,133.386,416.311,86.3138,540.257,107.38,10221.4,2.38945,NaN,72318.5,19909.6,50780.5,133473,3919.82,7.43181,3919.77,7.43238,3926.24,5.27264,3926.26,5.27232,3924.07,5.3742,3924.07,5.3742,0.851804,0.165341,15.0925,48.1838,0.392071,44.4312,0.836869,0.253045,46.6851,0.540615,17249.2,55069.3,RSES100 z9.14c,RSES100 z9.14,2,22,11
RSES100 z9.14c R,579.966,0,18.2696,0,1.05331,2107.33,480314,5.12248,0.664025,0.362887,46.7323,1.1607,12.0285,7.01701,15.7675,34.3342,11.4683,115.559,43.1706,191.572,40.4322,324.07,68.6398,10876.1,1.85426,NaN,2765.31,1156.55,2268.55,554244,4088.15,1.60751,4088.1,1.60752,4135.89,0.52712,4135.91,0.527117,4120.22,0.658011,4120.22,0.658011,0.843153,1.15585,0.461515,210.876,0.509818,173.373,0.885465,0.0530986,56.8466,0.0659442,6.03882,2759.27,RSES100 z9.14c,RSES100 z9.14,4,22,11
RSES100 z9.14d L1,0,0,1005.94,1138.7,347.831,2381.56,479827,16.5145,181.82,44.7656,68.367,42.2965,161.746,12.4741,1.02615,31.2654,24.2427,74.588,59.7409,169.795,124.067,126.136,148.118,8521.16,6.06067,NaN,NaN,652.436,NaN,15467.6,NaN,NaN,NaN,NaN,NaN,NaN,NaN,NaN,NaN,NaN,NaN,NaN,NaN,NaN,NaN,NaN,NaN,NaN,NaN,NaN,NaN,NaN,NaN,NaN,RSES100 z9.14d,RSES100 z9.14,1,23,11
RSES100 z9.14d L2,0,0,1763.29,38648.6,11788.9,2109.63,430120,7.76412,1350.81,265.47,90.0179,11.1162,0,12.2621,0,32.2025,22.0031,66.8688,51.0541,148.75,110.818,109.543,131.532,7621.67,6.10242,NaN,NaN,679.203,NaN,17312.5,NaN,NaN,NaN,NaN,NaN,NaN,NaN,NaN,NaN,NaN,NaN,NaN,NaN,NaN,NaN,NaN,NaN,NaN,NaN,NaN,NaN,NaN,NaN,NaN,RSES100 z9.14d,RSES100 z9.14,2,23,11
RSES100 z9.14d R,0,184.262,642.727,17885.4,2.75596,2236.57,464450,5.51192,147.676,39.3576,26.321,4.9855,0,9.38265,0,24.525,23.8127,68.2487,55.3979,162.23,121.231,117.283,143.403,8225.91,6.68862,NaN,NaN,599.623,NaN,16017.6,NaN,NaN,NaN,NaN,NaN,NaN,NaN,NaN,NaN,NaN,NaN,NaN,NaN,NaN,NaN,NaN,NaN,NaN,NaN,NaN,NaN,NaN,NaN,NaN,RSES100 z9.14d,RSES100 z9.14,4,23,11
RSES100 z15.2 L1,469.016,0,130.104,603.911,38.9033,11074.5,355818,15.2953,33.586,97.1297,2491.53,131.296,722.612,430.376,80.734,775.472,181.961,1191.92,254.235,798.2,146.771,1102.91,188.656,7916.31,3.14686,NaN,23098,111250,284661,262118,337.234,0.459829,337.145,0.460206,3802.29,3.41093,3802.7,3.40846,1344.68,2.49924,1344.68,2.49924,0.86585,91.1341,10.3774,59.7838,0.390815,864.671,0.0537059,0.139951,2.75957,0.335332,3416.39,19681.6,RSES100 z15.2,RSES100 z15.2,1,8,4
RSES100 z15.2 L2,482.029,0,103.362,1304.2,129.34,6466.8,457509,3.48647,25.1529,44.6783,102.955,73.5305,420.856,230.918,50.143,412.473,100.049,651.356,164.745,559.634,106.064,670.918,132.256,10095.2,2.15036,NaN,38898.4,16024.8,30592,134013,3992.35,3.42038,3992.3,3.42052,4039.03,1.65355,4039.06,1.65346,4023.47,1.87628,4023.47,1.87628,0.840714,1.15769,5.51351,57.1151,0.523822,49.2549,0.857651,0.114924,51.5895,0.188368,3424.41,35474,RSES100 z15.2,RSES100 z15.2,2,8,4
RSES100 z15.2 R,474.818,0,7.71888,0,0.542727,2284.59,481079,3.17385,0.547654,0.151282,29.5232,0.632635,9.76171,8.94597,18.0746,43.5935,13.5682,138.584,50.0356,216.891,44.2097,354.425,73.1951,10107.9,1.07314,NaN,2429.27,1020.14,2044.05,1.20818e+06,4055.1,1.24954,4055.05,1.24954,4072.82,0.536082,4072.84,0.536078,4066.96,0.558992,4066.96,0.558992,0.766938,0.436819,0.59928,371.892,0.499079,313.424,0.875822,0.0415151,53.8906,0.0560738,3.90832,2425.36,RSES100 z15.2,RSES100 z15.2,4,8,4
RSES100 z17.1 L1,889.831,0,77.6874,0,21.8201,5856.61,388004,14.4827,19.2131,114.672,1809.11,76.8762,390.679,242.855,66.122,418.565,99.3532,657.59,138.34,457.133,88.2084,683.156,119.827,8579.6,3.20875,NaN,33802.5,87129.6,298044,314874,528.333,0.614449,528.243,0.614708,3227.87,4.34037,3228.16,4.33902,1414.07,2.80129,1414.07,2.80129,0.82915,83.6364,14.9342,103.053,0.292338,1040.32,0.0854099,0.12113,3.02549,0.367072,4278.54,29524,RSES100 z17.1,RSES100 z17.1,1,11,6
RSES100 z17.1 L2,881.959,0,55.3781,0,24.3259,4642.71,460547,1.91481,10.529,56.9034,130.381,55.6102,302.621,171.146,54.1252,305.869,72.736,476.051,113.309,391.503,77.0492,534.827,108.507,10167,0.766902,NaN,45494.1,16681.7,59923.9,203082,3137.61,2.12239,3137.55,2.12244,3300.44,1.44895,3300.48,1.44889,3237.79,1.37584,3237.79,1.37584,0.776117,4.93649,4.28833,90.983,0.278381,125.49,0.626974,0.0854354,23.2578,0.141325,2047.77,43446.3,RSES100 z17.1,RSES100 z17.1,2,11,6
RSES100 z17.1 R,505.621,0,21.2568,0,7.07997,1359.69,481726,1.36488,6.83411,1.32336,23.7634,0.608485,8.83731,5.42058,21.6252,23.8055,7.48087,71.1338,28.4003,126.98,29.8437,257.939,58.9965,10790.3,0.430091,NaN,2638.64,885.541,3439.77,764600,3279.46,1.50017,3279.4,1.50019,3311.14,0.593572,3311.18,0.593567,3299.15,0.688317,3299.15,0.688317,0.843792,0.959785,0.99549,278.779,0.257442,364.719,0.66317,0.0583627,24.7689,0.0705258,9.38876,2629.25,RSES100 z17.1,RSES100 z17.1,4,11,6
RSES100 z16.2b R,7687.52,1842.73,22.7467,3081.98,14.4096,3303.26,469533,4.14293,9.10114,0.605033,53.6872,6.42314,4.2092,0,103.242,26.0205,59.1395,166.538,77.2818,230.443,16.648,368.782,54.916,7915.4,1.30553,NaN,2851.67,1394.21,2561.95,16137.1,3897.85,1.52256,3897.8,1.52257,3957.99,0.615355,3958.02,0.615352,3937.66,0.683382,3937.66,0.683381,0.803296,1.52133,0.44601,220.893,0.5442,198.851,0.830619,0.0520537,47.3275,0.0687249,5.74628,2845.93,RSES100 z16.2b,RSES100 z16.2,4,10,5
RSES100 z16.2b L2,37222.2,9348.14,235.087,18776.2,105.956,3593.54,423007,3.32312,417.725,7.72491,48.28,62.3631,78.3296,139.591,306.936,39.4133,10.6641,282.74,27.2477,290.29,79.7876,324.704,54.236,1215.27,9.25514,NaN,761.097,264.445,639.582,1734.32,3630.49,7.6484,3630.44,7.64873,3781.57,4.58033,3781.6,4.58006,3728.49,4.82983,3728.49,4.82983,0.828533,3.99732,2.62848,11.0094,0.413465,11.4605,0.756249,0.275533,38.3306,0.488075,146.689,614.408,RSES100 z16.2b,RSES100 z16.2,2,10,5
RSES100 z16.2b L1,60104.1,226036,4545.45,141211,1405.06,2418.13,42382,138.673,286.876,68.2446,142.888,34.6064,1159.11,0,2292.48,3561.88,36.0525,0,301.735,1180.13,319.998,331.144,168.451,707.087,40.4448,NaN,NaN,4547.78,NaN,86.8155,NaN,NaN,NaN,NaN,NaN,NaN,NaN,NaN,NaN,NaN,NaN,NaN,NaN,NaN,NaN,NaN,NaN,NaN,NaN,NaN,NaN,NaN,NaN,NaN,RSES100 z16.2b,RSES100 z16.2,1,10,5
RSES100 z16.2a R,122412,10813.3,90.4806,8722.89,193.73,1908.06,336753,20.146,299.203,3.03468,325.213,78.7644,113.063,3.30851,83.8182,116.683,8.05164,719.336,209.906,874.314,17.8671,2214.67,250.631,5601.47,2.08736,NaN,8853.74,4104.54,10610.9,1201.53,3377.73,2.27297,3377.67,2.273,3384.43,0.743915,3384.46,0.7439,3381.93,1.00057,3381.93,1.00057,0.885142,0.200546,0.752362,49.1034,0.386824,59.7502,0.688718,0.0864553,26.9578,0.102196,133.61,8720.13,RSES100 z16.2a,RSES100 z16.2,4,9,5
RSES100 z16.2a L2,38878.3,6369.42,38.9533,4150.45,4.56977,75125.6,320041,22.6873,335.997,1838.01,4226.23,1490.64,4594.52,1403.25,234.262,2002.37,98.8215,1373.52,808.663,1941.6,652.551,2069.45,81.2228,9918.05,4.30813,NaN,NaN,18226,NaN,2794.38,NaN,NaN,NaN,NaN,NaN,NaN,NaN,NaN,NaN,NaN,NaN,NaN,NaN,NaN,NaN,NaN,NaN,NaN,NaN,NaN,NaN,NaN,NaN,NaN,RSES100 z16.2a,RSES100 z16.2,2,9,5
RSES100 z16.2a L1,15235.3,1417.16,616.793,133.414,38.9409,17619,414738,57.3796,356.886,136.935,4674.13,36.2624,350.991,188.238,196.379,1605.32,85.0499,1975.33,721.121,1476.28,268.013,2003.36,227.448,16072.6,9.04536,NaN,5777.76,15691.2,29255.8,6599.08,894.72,0.874297,894.643,0.874396,3233.24,2.74053,3233.39,2.74004,1867.58,2.09386,1867.58,2.09386,0.796376,72.3311,32.4422,386.398,0.536345,2120.8,0.148887,0.104655,5.29203,0.245181,447.529,5330.24,RSES100 z16.2a,RSES100 z16.2,1,9,5
RSES100 z9.14dg L1,22098.2,15818.3,243.593,2902.47,338.744,9483.86,379855,223.297,1620.66,46.0624,1528.03,183.407,589.733,698.913,784.606,1780.42,294.598,3915.53,188.314,282.067,457.269,1163.84,490.231,1179.29,124.935,NaN,26074.4,49365.2,186976,614.283,586.41,0.904982,586.32,0.905377,3675.85,4.13311,3676.1,4.13159,1731.5,3.24487,1731.5,3.24486,0.834998,84.0505,11.9729,61.6589,0.26402,528.003,0.0952327,0.161451,4.50284,0.390542,4239.83,21834.6,RSES100 z9.14dg,RSES100 z9.14,1,24,11
RSES100 z9.14bg R,84104.8,11294.1,217.909,15573.3,405.485,3499.7,371783,23.8447,217.729,13.4338,69.2856,24.6011,81.9651,171.706,327.382,48.3368,51.5769,313.564,8.07414,930.501,62.7351,570.266,192.283,3205.9,7.78235,NaN,6116.26,2702.22,4806.06,1933.63,4138.19,1.85896,4138.14,1.85898,4174.76,0.611519,4174.78,0.611514,4162.84,0.781925,4162.84,0.781925,0.85271,0.877558,3.61163,276.273,0.562254,219.929,0.900158,0.0608728,59.3265,0.0783059,78.9242,6037.33,RSES100 z9.14bg,RSES100 z9.14,4,21,11
RSES100 z9.14bg L2,43040.8,14583.7,1709.43,541.56,37.3663,8133.07,403558,14.8153,775.968,27.2482,81.9978,71.7142,817.602,585.104,206.933,1197.04,374.948,1200.5,157.763,687.212,174.664,755.984,627.361,5232.13,6.44715,NaN,22902.6,11387,15793.7,1633.86,4109.35,4.32471,4109.31,4.32494,4161.34,2.17677,4161.36,2.17664,4144.34,2.47711,4144.34,2.47711,0.852613,1.25088,12.2488,87.7005,0.720984,68.9254,0.891676,0.142324,58.2371,0.248148,2806.71,20095.8,RSES100 z9.14bg,RSES100 z9.14,2,21,11
RSES100 z9.14bg L1,8216.56,654.664,164.306,17035.2,15.9103,2439.86,415851,20.1777,179.43,27.9202,951.137,69.5507,370.677,40.2902,194.235,56.1242,68.8443,416.852,51.7552,449.661,186.523,34.9201,98.2109,2299.94,4.28782,NaN,NaN,46083.7,NaN,5381.26,NaN,NaN,NaN,NaN,NaN,NaN,NaN,NaN,NaN,NaN,NaN,NaN,NaN,NaN,NaN,NaN,NaN,NaN,NaN,NaN,NaN,NaN,NaN,NaN,RSES100 z9.14bg,RSES100 z9.14,1,21,11
RSES100 z9.14a R,15110.2,3947.47,38.8078,3344.56,111.536,1083.6,464917,10.2826,109.528,3.40364,26.4876,12.8302,25.3067,14.2603,118.785,79.4319,26.0847,57.5397,11.0177,13.5031,0.850924,261.007,30.4214,6404.02,1.42808,NaN,950.411,204.682,856.154,5268.68,3941,1.59658,3940.94,1.59662,3990.37,0.726385,3990.4,0.726363,3973.78,0.790597,3973.78,0.790597,0.800365,1.23931,3.69044,117.82,0.239072,109.46,0.842912,0.0541496,49.0776,0.0794485,28.8651,921.546,RSES100 z9.14a,RSES100 z9.14,4,19,11
RSES100 z9.14a L2,41082.7,36322.4,3229.72,113521,1163.05,1020.59,264056,54.7645,822.241,17.5903,113.664,45.8809,461.021,148.821,146.475,410.292,131.485,1870.96,409.639,1951.93,337.06,1936.44,318.95,22913.3,17.0227,NaN,14872.7,2798.77,12221.9,294.669,3843.54,4.87584,3843.48,4.87613,3943.9,3.03236,3943.93,3.03218,3909.76,3.19025,3909.76,3.19025,0.837557,2.5468,5.34616,29.5396,0.228996,28.668,0.815261,0.168412,46.0179,0.321019,2279.21,12593.5,RSES100 z9.14a,RSES100 z9.14,2,19,11
RSES100 z9.14a L1,10298.5,11252.2,241.707,6432.11,208.1,2285.14,442580,0.911022,121.949,146.038,452.663,17.809,170.001,170.228,93.8107,82.6914,129.422,248.989,43.6432,79.4685,116.25,289.454,61.8601,2101.46,6.54138,NaN,-31077,18227.3,-103689,2530.5,1386.32,1.05991,1386.23,1.06001,3926.23,1.42225,3926.34,1.42205,2707.16,1.47601,2707.16,1.47601,0.853485,64.6941,1.83957,24.8728,-0.175788,89.1267,0.239928,0.0849697,13.3844,0.156226,-2140.14,-28936.9,RSES100 z9.14a,RSES100 z9.14,1,19,11
RSES100 z4.6a R,134515,9955.21,373.355,39743.5,325.867,4463.5,292630,24.5205,231.117,4.18203,420.568,29.2927,1016.81,443.967,395.32,371.563,72.1305,641.434,209.803,344.537,153.22,67.6298,273.972,5195.81,0.444605,NaN,NaN,3968.46,NaN,1128.2,NaN,NaN,NaN,NaN,NaN,NaN,NaN,NaN,NaN,NaN,NaN,NaN,NaN,NaN,NaN,NaN,NaN,NaN,NaN,NaN,NaN,NaN,NaN,NaN,RSES100 z4.6a,RSES100 z4.6,4,16,9
RSES100 z4.6a L2,98013.7,28421.5,419.987,15701.8,188.928,1265.65,346702,3.33456,583.455,24.1286,177.636,17.3827,392.996,22.7701,9.24901,2.0178,64.2049,370.171,137.011,208.024,66.8431,527.893,56.5587,2392.94,1.45109,NaN,258.085,198.418,608.129,1037.02,1490.87,4.70514,1490.8,4.70615,1931.37,41.9517,1931.47,41.9494,1682.92,21.6168,1682.92,21.6168,0.836381,22.8157,3.48907,6.21988,0.326276,22.8773,0.260201,0.353497,4.24577,2.63035,92.7472,165.338,RSES100 z4.6a,RSES100 z4.6,2,16,9
RSES100 z4.6a L1,169962,46746.9,2292.06,36908.2,3439.6,23899.8,181862,32.3773,3389.72,320.847,1358.92,731.378,2261.24,71.4634,179.609,3855.29,90.1363,584.262,245.92,1300,701.762,497.623,171.127,10880.2,7.13176,NaN,4394.21,3241.9,13005.9,320.411,1160.95,4.47143,1160.87,4.47272,1483.95,70.2535,1484.11,70.249,1279.28,29.5125,1279.28,29.5124,0.847252,21.7798,5.84782,8.29544,0.249264,41.861,0.197329,0.420874,2.52506,4.05761,1816.87,2577.33,RSES100 z4.6a,RSES100 z4.6,1,16,9
RSES100 z1.11d R,233269,33239.2,1177.83,44939.6,1059.98,70.8532,167802,47.737,729.059,50.5015,210.166,137.62,42.6217,49.39,162.5,921.743,20.1755,305.067,39.4493,488.179,48.5274,857.774,382.917,8098.5,2.83277,NaN,3419.36,1009.58,3076.14,531.218,3908.61,3.34227,3908.55,3.34231,4001.67,0.76994,4001.7,0.769923,3970.34,1.26335,3970.34,1.26335,0.914167,2.32767,0.630608,24.3718,0.328199,22.4928,0.833676,0.114038,48.9082,0.126965,86.2428,3333.12,RSES100 z1.11d,RSES100 z1.11,4,4,1
RSES100 z1.11d L2,50570.7,43671.4,226.846,18609.1,135.623,1774.25,365976,38.4668,672.136,139.782,263.909,12.5327,62.9657,131.336,364.541,1483.91,203.408,323.764,524.803,715.432,287.48,218.235,391.056,2433.9,11.1597,NaN,35073.2,5988.87,19643.7,359.584,3771.15,19.035,3771.1,19.0362,3970.59,11.9049,3970.62,11.9041,3902.44,12.7013,3902.44,12.7013,0.848782,5.02502,4.34803,5.84131,0.304875,5.70682,0.794991,0.666706,45.68,1.27828,14966.6,20106.6,RSES100 z1.11d,RSES100 z1.11,2,4,1
RSES100 z1.11d L1,71766.1,14144,1170.66,75014.3,589.981,4521.08,316766,22.489,276.002,28.0993,653.462,31.0322,86.616,219.264,247.675,320.2,71.3522,376.131,114.602,232.107,29.4863,1106.91,94.436,1118.04,5.05315,NaN,3898.36,6427.22,5727.91,871.334,NaN,0,NaN,0,NaN,3.03025,NaN,3.03037,NaN,0,NaN,0,-1.05025,NaN,1.62209,10.8101,1.12209,18.2668,0.368823,0,27.4588,0,508.639,3389.72,RSES100 z1.11d,RSES100 z1.11,1,4,1
RSES60 z7.7 L1,2756.77,0,106.19,8662.87,2188.74,5454.34,415515,10.7309,205.299,93.4765,989.828,38.7753,224.587,171.324,35.9517,415.72,81.5006,525.942,122.952,428.51,90.4281,607.83,114.051,10236.5,2.8598,NaN,88824.1,46839.2,169839,205178,2186.98,1.29698,2186.91,1.29703,3785.19,1.11525,3785.25,1.11517,3116.23,1.20559,3116.23,1.20559,0.860175,42.2255,7.15067,179.657,0.275786,357.191,0.403901,0.0699322,20.5207,0.124519,3400.04,85424.1,RSES60 z7.7,RSES60 z7.7,1,53,21
RSES60 z7.7 L2,2736.3,0,39.5856,7644.58,35.6004,2533.16,467511,4.31706,28.6527,15.1987,32.8466,3.8792,21.9445,39.8422,6.31139,102.908,25.2216,172.446,55.5779,206.449,58.1538,284.339,76.8109,11661.2,2.2851,NaN,14776.4,2615.94,12814.6,144995,3805.2,3.20279,3805.14,3.20306,3909.18,2.44903,3909.21,2.44888,3873.59,2.44528,3873.59,2.44528,0.84772,2.66218,21.6316,147.839,0.204137,146.971,0.804495,0.11144,44.3725,0.246251,1886.09,12890.3,RSES60 z7.7,RSES60 z7.7,2,53,21
RSES60 z7.7 R,1038.41,0,1.45628,1209.81,6.73404,1536.82,478186,1.95469,8.65313,1.61064,8.23538,0,3.92383,4.88449,12.6459,26.2575,8.66537,86.3928,30.5363,131.71,29.3759,215.978,45.7165,12068.5,0.957318,NaN,6998.35,1314.5,6617.09,891675,3912.67,1.79399,3912.62,1.79401,3982.83,0.623119,3982.86,0.623119,3959.18,0.69292,3959.18,0.69292,0.80502,1.76362,0.557398,1111.6,0.198652,1051.57,0.834833,0.0611645,48.3631,0.0696533,3.50747,6994.84,RSES60 z7.7,RSES60 z7.7,4,53,21
RSES60 z7.19a L1,1731.44,0,206.206,11468,4885.92,6302.08,306989,135.487,199.557,58.7637,1598.34,70.3701,427.324,291.552,67.3357,516.039,128.302,848.037,163.801,513.98,102.489,686.827,116.83,6034.43,5.4921,NaN,47474.3,152402,764585,271838,285.595,0.321999,285.498,0.3223,3603.02,3.26422,3603.55,3.2618,1129.73,2.06618,1129.73,2.06618,0.857387,92.0773,6.35928,43.4665,0.199326,802.456,0.045299,0.115263,2.04231,0.303125,6059.16,41415.2,RSES60 z7.19a,RSES60 z7.19,1,49,20
RSES60 z7.19a L2,2409.93,0,2938.64,132198,87.2099,2872.24,339912,9.44354,32.5957,16.4891,60.301,21.3886,160.666,85.7297,8.86316,146.62,40.5186,231.288,70.6219,252.236,73.6092,329.327,91.3086,6600.61,1.73664,NaN,26511.2,7235.16,22238.5,110245,3759.23,4.20157,3759.18,4.20187,3941.55,2.87298,3941.57,2.8728,3879.04,2.95682,3879.04,2.95682,0.839541,4.62753,5.47436,31.8997,0.325344,31.3507,0.791674,0.147505,44.6165,0.297729,3883.22,22627.9,RSES60 z7.19a,RSES60 z7.19,2,49,20
RSES60 z7.19a R,641.987,0,1.19628,570.816,3.62307,2122.89,482153,2.38543,0.788408,0.185871,8.64991,0.111475,6.08455,9.3045,13.5251,42.7996,12.0341,126.29,44.0216,200.102,40.78,340.737,71.1875,8976.54,0.718766,NaN,1739.18,599.462,1528.1,2.08678e+06,3973.74,1.14149,3973.69,1.1415,4049.95,0.554996,4049.97,0.554991,4024.52,0.584032,4024.52,0.584032,0.782744,1.88349,1.52081,209.245,0.392293,185.185,0.852297,0.0384835,51.644,0.0586321,12.5493,1726.63,RSES60 z7.19a,RSES60 z7.19,4,49,20
RSES60 z7.19b L1,1483.01,0,58.3801,4101.59,15.2412,7616.76,311232,106.181,7.68509,48.4057,1934.15,76.4343,460.227,314.882,72.0819,550.718,143.874,974.255,187.652,609.114,120.051,849.202,146.122,6234.72,3.50927,NaN,51511.8,158605,770153,250030,284.892,0.481489,284.795,0.482007,3611.28,5.06843,3611.82,5.06456,1131.69,3.18224,1131.69,3.18223,0.857229,92.1149,27.5566,117.527,0.205939,2169.15,0.0451849,0.17277,2.04817,0.466419,9783.93,41727.9,RSES60 z7.19b,RSES60 z7.19,1,50,20
RSES60 z7.19b L2,1157.85,0,15.3046,12281.7,90.1515,7695.91,430058,3.59413,85.5955,347.07,983.96,168.497,755.932,378.655,61.4378,624.519,151.87,922.404,201.12,610.002,135.677,734.953,161.151,7932.69,1.75488,NaN,104345,30299.4,92990.4,88183.7,3740.79,4.31117,3740.73,4.31131,3933.94,1.92088,3933.97,1.92077,3867.56,2.26217,3867.56,2.26217,0.846775,4.91197,1.86616,16.7598,0.325834,16.5992,0.786556,0.151902,44.1039,0.227842,10454.4,93890.5,RSES60 z7.19b,RSES60 z7.19,2,50,20
RSES60 z7.19b R,1193.55,0,16.8744,1289.96,16.4192,2433.17,480363,2.73089,3.37396,1.98513,15.9917,0.862506,8.73724,10.3763,15.4517,48.9829,14.1055,140.049,49.1476,227.627,46.843,387.424,81.8597,8915.13,0.771615,NaN,2050.18,703.374,1787.96,1.30426e+06,4014.69,1.69342,4014.64,1.69344,4049.48,0.568305,4049.51,0.568302,4037.91,0.714492,4037.91,0.714492,0.848991,0.861066,0.332916,328.423,0.393394,286.708,0.8641,0.0566699,52.3428,0.071711,2.07612,2048.1,RSES60 z7.19b,RSES60 z7.19,4,50,20
RSES60 z7.19c L1,5381.52,0,64.0673,5996.96,48.0641,4446.27,342654,120.93,13.8675,21.4244,1219.07,51.4288,321.758,224.096,57.7495,378.61,94.5855,622.416,121.604,399.961,85.6082,508.314,97.2537,6828.68,6.32355,NaN,42336.7,125436,654587,172326,308.863,0.303516,308.766,0.303702,3580.24,2.56196,3580.74,2.56033,1174.72,1.67034,1174.72,1.67033,0.826481,91.377,3.81714,35.37,0.191626,605.89,0.0490787,0.100642,2.18014,0.239959,4123.93,38212.8,RSES60 z7.19c,RSES60 z7.19,1,51,20
RSES60 z7.19c L2,6513.42,0,9.34992,8810.84,51.9945,1438.72,468141,2.64978,5.4047,3.7917,21.8123,0.984202,21.1519,23.7975,7.54976,39.7214,14.6537,91.2701,34.7625,134.306,52.6254,200.954,65.7102,8854.59,3.19655,NaN,5115.61,1349.41,3983.04,117927,3751.78,6.60981,3751.73,6.61027,3914.67,4.57579,3914.7,4.5755,3858.67,4.70604,3858.67,4.70604,0.84446,4.16313,6.4234,23.9043,0.338789,23.6133,0.789606,0.23239,43.7107,0.474077,1083.49,4032.13,RSES60 z7.19c,RSES60 z7.19,2,51,20
RSES60 z7.19c R,2796,0,26.8276,3880.74,51.2435,1141.39,477847,2.37313,189.797,34.9124,43.2964,3.34404,24.7812,12.2474,14.0865,25.7594,7.82969,54.806,23.2431,105.471,32.4365,188.376,51.9355,8918.66,0.875471,NaN,1280.51,470.001,1113.12,270245,3989.53,12.5112,3989.48,12.5113,4032.3,1.1938,4032.32,1.19379,4018.03,4.40974,4018.03,4.40974,0.984133,1.06243,3.83663,345.465,0.422238,303.641,0.85684,0.420585,51.3085,0.442758,14.0647,1266.44,RSES60 z7.19c,RSES60 z7.19,4,51,20
RSES60 z7.19d L1,5511.17,0,87.4461,9382.28,31.0345,5114.3,375590,148.465,3.88749,10.9144,1267.77,25.5937,166.946,154.915,38.9608,322.519,92.4741,636.977,137.902,449.249,112.705,671.633,130.029,7617.89,4.66009,NaN,34878.7,88186.7,569837,121337,312.987,0.214283,312.889,0.214355,3499.69,1.68505,3500.19,1.68424,1147.96,1.07461,1147.96,1.07461,0.79646,91.0608,1.31427,23.5172,0.154758,405.689,0.0497501,0.0701395,2.09742,0.156292,1846.05,33032.7,RSES60 z7.19d,RSES60 z7.19,1,52,20
RSES60 z7.19d L2,12033.3,0,408.486,32390.1,346.474,4897.22,421527,6.81257,64.8605,26.6994,80.34,16.2185,114.846,116.942,0,288.103,73.4199,464.424,119.59,378.521,139.893,375.592,149.662,7923.25,3.14426,NaN,86469.6,13706,43704.2,36912.9,3626.59,21.8894,3626.54,21.8914,3960.92,16.5831,3960.95,16.5819,3845.02,16.9696,3845.02,16.9696,0.860524,8.44271,12.5335,12.1162,0.313608,12.4586,0.755187,0.789197,43.1137,1.71002,43966.8,42502.9,RSES60 z7.19d,RSES60 z7.19,2,52,20
RSES60 z7.19d R,2581.9,0,2.34795,4055.15,12.2013,1748.34,476993,2.65437,2.9742,0.919262,11.7857,0,3.43191,9.36116,13.8579,35.4491,10.5715,94.2474,36.3683,161.888,44.1533,277.308,68.4429,9175.61,0.997783,NaN,1828.95,597.346,1571.53,258990,4026.78,1.82734,4026.73,1.82736,4069.58,0.611917,4069.61,0.611913,4055.39,0.738748,4055.39,0.738748,0.832223,1.05356,0.70193,68.4917,0.380106,59.4546,0.8676,0.0610191,53.2688,0.0741215,18.5537,1810.4,RSES60 z7.19d,RSES60 z7.19,4,52,20
RSES60 z9.11 L1,12232,0,642.826,31961.1,228.849,3217.02,427035,8.0698,519.759,87.9903,214.763,6.65106,52.0962,54.3094,0,126.427,43.8448,212.823,82.2302,271.638,115.667,349.935,135.064,7273.11,3.39363,NaN,13030.5,10776.2,17154.5,43700.7,2229.44,13.3621,2229.38,13.3626,3969.23,5.9307,3969.28,5.93004,3256.94,8.68038,3256.94,8.68038,0.90212,43.8342,2.86066,8.44181,0.628187,14.8796,0.413179,0.708952,23.7196,0.890929,3298.02,9732.45,RSES60 z9.11,RSES60 z9.11,1,54,22
RSES60 z9.11 L2,25556.1,0,380.133,50675.9,682.607,1879.35,407401,6.72258,560.201,114.199,74.6058,0,0,36.1789,0,49.306,26.657,42.9227,56.8132,171.945,160.578,164.184,165.965,6530.15,4.81396,NaN,NaN,691.492,NaN,23388.6,NaN,NaN,NaN,NaN,NaN,NaN,NaN,NaN,NaN,NaN,NaN,NaN,NaN,NaN,NaN,NaN,NaN,NaN,NaN,NaN,NaN,NaN,NaN,NaN,RSES60 z9.11,RSES60 z9.11,2,54,22
RSES60 z9.11 R,18740.1,0,2866.19,44544.3,1723.21,1458.43,416686,61.8956,485.808,130.859,151.151,20.4772,71.6083,31.4582,0,42.2226,20.0441,49.4608,41.9597,131.385,119.445,154.306,130.318,7100.78,5.66062,NaN,NaN,660.544,NaN,32070,NaN,NaN,NaN,NaN,NaN,NaN,NaN,NaN,NaN,NaN,NaN,NaN,NaN,NaN,NaN,NaN,NaN,NaN,NaN,NaN,NaN,NaN,NaN,NaN,RSES60 z9.11,RSES60 z9.11,4,54,22
RSES60 z10.19 L1,2007.48,0,32.7035,1669.57,16.7903,24423.1,415928,10.1789,28.5744,55.2587,459.733,30.0393,304.28,1292.89,179.483,5267.02,710.99,3261.97,530.947,1385.69,197.321,1286.65,196.122,8929.51,3.35546,NaN,18817.7,27771.6,53235.1,608423,1489.59,0.931561,1489.52,0.931657,3622.46,1.65556,3622.54,1.65536,2594.15,1.5197,2594.15,1.5197,0.860723,58.882,14.3501,226.454,0.521678,681.231,0.25995,0.0700416,11.8694,0.162277,1121.39,17696.3,RSES60 z10.19,RSES60 z10.19,1,43,16
RSES60 z10.19 L2,4149.22,0,137.486,6245.69,423.805,34518.1,413585,4.25395,44.8522,48.1765,114.843,23.8586,315.367,1612.53,215.879,5974.47,860.516,4302.24,737.029,2028.2,294.83,1834.86,289.199,9413.36,1.63102,NaN,NaN,8778.66,NaN,291027,NaN,NaN,NaN,NaN,NaN,NaN,NaN,NaN,NaN,NaN,NaN,NaN,NaN,NaN,NaN,NaN,NaN,NaN,NaN,NaN,NaN,NaN,NaN,NaN,RSES60 z10.19,RSES60 z10.19,2,43,16
RSES60 z10.19 R,7782.04,0,64.0946,416.967,6.16191,1779.74,476087,17.4723,34.2068,28.8815,11.3021,0.225854,2.63522,3.01914,19.2039,18.5137,6.81936,85.7268,32.3801,158.068,32.6097,278.608,56.9886,8616.81,0.662715,NaN,1183.78,454.251,1030.71,3.77512e+06,3971.07,1.09242,3971.02,1.09244,4004.09,0.589169,4004.11,0.589157,3993.03,0.588439,3993.03,0.588439,0.757112,0.826481,30.0442,1676.73,0.440718,1486.07,0.85153,0.036847,50.0364,0.0591106,20.838,1162.94,RSES60 z10.19,RSES60 z10.19,4,43,16
RSES60 z16.1 L1,4940.18,0,506.326,4183.51,35.8714,3732.74,432188,17.5596,14.3386,12.5289,566.731,20.2642,139.743,107.345,33.0536,225.589,57.3098,405.707,90.9953,307.608,71.2381,434.474,89.7197,8709.33,2.40038,NaN,22961.8,39033.8,78572.2,210353,1224.59,1.24762,1224.51,1.24769,3831.65,1.54153,3831.75,1.54131,2519.77,1.64857,2519.77,1.64857,0.84502,68.043,8.96844,146.712,0.496788,532.718,0.209206,0.111864,10.9603,0.177173,1322.78,21639,RSES60 z16.1,RSES60 z16.1,1,44,17
RSES60 z16.1 L2,942.68,0,227.212,4120.72,210.039,2661.23,474564,4.03364,21.5542,23.19,97.2656,7.07269,40.196,28.6591,23.0944,93.0293,22.9931,186.805,62.282,240.78,59.4709,349.641,81.8746,9412.35,1.32152,NaN,5472.52,2456.59,4483.88,215436,3889.22,2.77166,3889.18,2.77182,3953.55,1.78979,3953.57,1.78969,3931.77,1.85846,3931.77,1.85846,0.837002,1.62889,11.2774,110.463,0.547872,99.7473,0.828171,0.0949113,47.0484,0.186921,506.947,4965.57,RSES60 z16.1,RSES60 z16.1,2,44,17
RSES60 z16.1 R,406.382,0,24.7021,373.045,9.94124,1454.61,482682,2.34095,1.60184,0.656668,29.0209,0.220707,6.98201,7.3058,17.5302,32.1813,8.86444,90.8978,30.5337,135.787,27.1714,220.525,45.072,9457.92,0.619135,NaN,2227.94,928.526,1923.91,2.31923e+06,3982.12,2.26442,3982.07,2.26444,4010.6,0.574307,4010.63,0.574299,4001.08,0.870537,4001.08,0.870537,0.898582,0.712053,11.6703,819.899,0.482623,718.093,0.854706,0.0762251,50.4425,0.0874345,31.2671,2196.67,RSES60 z16.1,RSES60 z16.1,4,44,17
RSES60 z16.16b L1,0,0,3014.3,37318.1,306.415,2451.81,440443,22.3919,842.976,166.063,132.132,15.1636,0,31.4861,0,39.834,37.7323,100.901,70.3184,203.373,187.817,193.916,196.734,8188.64,6.95327,NaN,NaN,1230.24,NaN,25252,NaN,NaN,NaN,NaN,NaN,NaN,NaN,NaN,NaN,NaN,NaN,NaN,NaN,NaN,NaN,NaN,NaN,NaN,NaN,NaN,NaN,NaN,NaN,NaN,RSES60 z16.16b,RSES60 z16.16,1,45,18
RSES60 z16.16b L2,0,0,375.623,12888.4,575.981,2424.82,466746,13.567,148.028,258.293,709.733,79.8804,166.075,55.2473,0,79.4219,38.0125,103.534,72.4405,211.278,197.648,200.774,207.589,8679.29,6.85642,NaN,NaN,939.6,NaN,23800.2,NaN,NaN,NaN,NaN,NaN,NaN,NaN,NaN,NaN,NaN,NaN,NaN,NaN,NaN,NaN,NaN,NaN,NaN,NaN,NaN,NaN,NaN,NaN,NaN,RSES60 z16.16b,RSES60 z16.16,2,45,18
RSES60 z16.16b R,0,0,181.032,13178.2,367.248,2366.77,468272,15.6138,77.6927,16.4499,54.4288,3.88777,0,26.3574,0,33.1923,34.9481,86.4506,71.3594,208.037,196.688,196.635,207.473,8700.06,6.83495,NaN,NaN,873.64,NaN,23729.8,NaN,NaN,NaN,NaN,NaN,NaN,NaN,NaN,NaN,NaN,NaN,NaN,NaN,NaN,NaN,NaN,NaN,NaN,NaN,NaN,NaN,NaN,NaN,NaN,RSES60 z16.16b,RSES60 z16.16,4,45,18
RSES60 z16.16c L1,0,0,38.2652,401.296,22.1053,55660.6,346082,7.4532,6.44632,316.896,1409.57,112.65,559.903,1124.25,125.535,4193.7,762.935,5034.43,1062.49,3051.75,424.375,2497.31,373.567,8350.75,5.24139,NaN,21315.1,64325.6,79585.2,388178,1133.06,0.755241,1132.99,0.755261,3472.53,1.59814,3472.63,1.59788,2226.54,1.39609,2226.54,1.39608,0.826165,67.3736,7.37915,153.418,0.808261,600.379,0.192159,0.0726844,7.96031,0.154766,978.168,20336.9,RSES60 z16.16c,RSES60 z16.16,1,46,18
RSES60 z16.16c L2,0,0,68.7809,1510.93,167.685,5483.55,464997,4.60374,45.7248,31.8949,99.5135,31.291,162.697,140.378,15.2701,347.8,71.5998,483.382,117.135,394.984,83.0464,437.218,98.0225,10909.7,2.09212,NaN,22018.8,10182.4,16551.2,185633,3943.83,4.32175,3943.78,4.32204,3972.76,2.80161,3972.78,2.80145,3963.03,2.92313,3963.03,2.92313,0.845553,0.729898,10.6337,65.4433,0.615203,57.1859,0.843723,0.1465,48.5502,0.293814,3077.69,18941.1,RSES60 z16.16c,RSES60 z16.16,2,46,18
RSES60 z16.16c R,0,0,94.3366,8314.28,123.397,2404.51,473390,9.22835,6.54028,6.18046,48.724,5.60898,0,24.2562,0,34.5428,35.8339,88.1138,71.2022,213.713,199.108,201.733,209.628,8809.42,6.49794,NaN,NaN,894.663,NaN,23433.9,NaN,NaN,NaN,NaN,NaN,NaN,NaN,NaN,NaN,NaN,NaN,NaN,NaN,NaN,NaN,NaN,NaN,NaN,NaN,NaN,NaN,NaN,NaN,NaN,RSES60 z16.16c,RSES60 z16.16,4,46,18
RSES60 z16.16d L1,0,0,968.617,14134.7,399.678,3303.9,463920,15.6976,908.557,176.562,107.732,23.1224,0,34.8904,0,87.7741,45.8518,155.9,88.1464,258.028,202.145,237.232,211.845,8643.47,7.38345,NaN,NaN,1195.91,NaN,23982.3,NaN,NaN,NaN,NaN,NaN,NaN,NaN,NaN,NaN,NaN,NaN,NaN,NaN,NaN,NaN,NaN,NaN,NaN,NaN,NaN,NaN,NaN,NaN,NaN,RSES60 z16.16d,RSES60 z16.16,1,47,18
RSES60 z16.16d L2,0,0,503.627,13890.2,759.447,2456.11,466256,16.3998,287.308,67.7219,104.809,33.9026,58.419,29.2199,0,54.9018,37.2117,116.463,74.2568,213.343,197.983,198.993,206.287,8665.75,15.0262,NaN,NaN,894.391,NaN,23832.5,NaN,NaN,NaN,NaN,NaN,NaN,NaN,NaN,NaN,NaN,NaN,NaN,NaN,NaN,NaN,NaN,NaN,NaN,NaN,NaN,NaN,NaN,NaN,NaN,RSES60 z16.16d,RSES60 z16.16,2,47,18
RSES60 z16.16d R,0,0,2407.72,11845.3,955.753,2390.73,466211,41.0172,384.71,71.7438,109.158,9.82336,0,26.7287,0,36.9051,36.4897,90.8402,70.425,213.393,198.461,201.327,207.184,8684.79,8.05807,NaN,NaN,969.709,NaN,23882.7,NaN,NaN,NaN,NaN,NaN,NaN,NaN,NaN,NaN,NaN,NaN,NaN,NaN,NaN,NaN,NaN,NaN,NaN,NaN,NaN,NaN,NaN,NaN,NaN,RSES60 z16.16d,RSES60 z16.16,4,47,18
RSES60 z18.11 L1,523.873,0,16.39,76.7615,5.30367,2930.12,446009,11.39,12.4475,10.1067,520.351,11.7338,76.2313,62.3888,26.6179,146.974,37.2371,280.269,65.4916,239.612,50.1445,398.907,80.1665,9940.05,2.24521,NaN,26061.3,34448.2,98434.6,1.08624e+06,1228.35,0.751236,1228.27,0.751247,3664.18,0.879174,3664.29,0.879093,2420.8,1.01016,2420.8,1.01016,0.897308,66.48,4.54929,326.765,0.34996,1251.39,0.209912,0.0671698,9.84961,0.109586,357.849,25703.5,RSES60 z18.11,RSES60 z18.11,1,48,19
RSES60 z18.11 L2,506.659,0,21.1068,0,12.926,1467.63,480847,4.34367,5.39769,2.40184,24.5898,1.23796,13.5508,26.0843,21.4284,112.999,18.8702,116.811,29.2693,122.887,28.2531,237.381,54.0174,10834.1,1.78371,NaN,4065.46,1475.67,3922.92,1.46961e+06,3738.67,1.81133,3738.62,1.81138,3792.99,1.00262,3793.02,1.00258,3774.12,1.07095,3774.12,1.07095,0.824497,1.43412,20.8171,479.424,0.376167,482.702,0.78597,0.0638479,40.1383,0.1081,169.18,3896.28,RSES60 z18.11,RSES60 z18.11,2,48,19
RSES60 z18.11 R,369.233,0,10.9292,73.1168,5.70358,2258.74,480424,4.16574,2.01953,0.595155,21.1418,0.294654,4.17223,4.99427,9.08699,31.624,10.1231,117.155,45.3138,217.658,46.8382,403.945,86.1324,10739.8,1.60349,NaN,3335.98,1103.43,3195.61,5.04663e+06,3836.28,3.03436,3836.22,3.0344,3879.53,1.43881,3879.56,1.4388,3864.74,1.68759,3864.74,1.68759,0.86282,1.11711,11.5082,1713.43,0.345297,1652.37,0.813216,0.104952,43.9786,0.169981,22.2565,3313.72,RSES60 z18.11,RSES60 z18.11,4,48,19
RSES100 z9.14dg L2,0,0,120.306,4088.9,169.882,4586.64,466465,38.2293,53.9963,22.0433,92.5295,17.9681,85.567,103.332,0,257.171,68.5383,384.181,108.158,370.256,133.245,424.28,154.409,10130,6.1889,NaN,NaN,7753.04,NaN,53856.5,NaN,NaN,NaN,NaN,NaN,NaN,NaN,NaN,NaN,NaN,NaN,NaN,NaN,NaN,NaN,NaN,NaN,NaN,NaN,NaN,NaN,NaN,NaN,NaN,RSES100 z9.14dg,RSES100 z9.14,2,24,11
RSES100 z9.14dg R,0,0,1648.49,97153.8,57508.7,1823.61,326074,23.8225,2943.89,484.597,27.8206,2.33144,25.8643,44.3306,10.6395,89.4715,20.3704,143.524,38.9285,135.496,36.3423,192.235,48.5139,6986.77,3.75753,NaN,1358.45,463.157,1118.06,313372,4079.13,2.34846,4079.08,2.34848,4149.74,0.614342,4149.77,0.614336,4126.57,0.892558,4126.57,0.892558,0.886246,1.70351,0.613184,41.8559,0.414251,34.9538,0.882827,0.0776961,57.2096,0.0894401,19.6138,1338.84,RSES100 z9.14dg,RSES100 z9.14,4,24,11
RSES100 z17.1b L1,0,0,212.214,13710.6,1004.29,2388.37,466519,10.1107,299.877,55.7853,62.7392,2.29587,0,24.9676,0,36.138,37.5729,94.2633,69.7593,214.929,208.064,206.607,219.455,9026.98,6.15913,NaN,NaN,728.631,NaN,22468.1,NaN,NaN,NaN,NaN,NaN,NaN,NaN,NaN,NaN,NaN,NaN,NaN,NaN,NaN,NaN,NaN,NaN,NaN,NaN,NaN,NaN,NaN,NaN,NaN,RSES100 z17.1b,RSES100 z17.1,1,12,6
RSES100 z17.1b L2,0,0,54.6277,2803.41,163.177,6553.48,435385,4.80888,18.6774,88.0201,462.163,70.7657,352.48,210.998,13.9029,403.195,90.0304,587.332,144.327,478.103,95.117,474.872,104.851,11238.7,2.53141,NaN,NaN,36094.1,NaN,187513,NaN,NaN,NaN,NaN,NaN,NaN,NaN,NaN,NaN,NaN,NaN,NaN,NaN,NaN,NaN,NaN,NaN,NaN,NaN,NaN,NaN,NaN,NaN,NaN,RSES100 z17.1b,RSES100 z17.1,2,12,6
RSES100 z17.1b R,269.735,0,1.83819,149.361,4.36377,1792.78,478842,2.99775,2.78692,0.728952,34.2076,0.102232,5.77951,5.06786,12.3697,26.9376,8.14835,94.0103,35.7403,161.753,35.4102,279.525,60.4622,11865.4,1.04897,NaN,NaN,2290.03,NaN,1.24689e+06,NaN,NaN,NaN,NaN,NaN,NaN,NaN,NaN,NaN,NaN,NaN,NaN,NaN,NaN,NaN,NaN,NaN,NaN,NaN,NaN,NaN,NaN,NaN,NaN,RSES100 z17.1b,RSES100 z17.1,4,12,6
